あーちぇりー,,,,,,,,,,
あーてぃすと,,,,,,,,,,
あーと,,,,,,,,,,
あーむかばー,,,,,,,,,,
あーむれすりんぐ,,,,,,,,,,
あーるぐれい,,,,,,,,,,
あーるぐれいてぃー,,,,,,,,,,
あい,,,,,,,,,,
あいあん,,,,,,,,,,
あいいろ,,,,,,,,,,
あいきどう,,,,,,,,,,
あいこんたくと,,,,,,,,,,
あいさつ,,,,,,,,,,
あいすかふぇおれ,,,,,,,,,,
あいすきゃんでぃー,,,,,,,,,,
あいすくりーむ,,,,,,,,,,
あいすこーひー,,,,,,,,,,
あいすぴっく,,,,,,,,,,
あいすほっけー,,,,,,,,,,
あいであ,,,,,,,,,,
あいでぃあ,,,,,,,,,,
あいりっしゅ,,,,,,,,,,
あいろん,,,,,,,,,,
あいろんだい,,,,,,,,,,
あうと,,,,,,,,,,
あうとこーす,,,,,,,,,,
あうとどあけい,,,,,,,,,,
あうとれっと,,,,,,,,,,
あえん,,,,,,,,,,
あおい,,,,,,,,,,
あおいろ,,,,,,,,,,
あおぐ,,,,,,,,,,
あかい,,,,,,,,,,
あかいろ,,,,,,,,,,
あかげ,,,,,,,,,,
あかげざる,,,,,,,,,,
あかちゃいろ,,,,,,,,,,
あかまんぼう,,,,,,,,,,
あかるい,,,,,,,,,,
あき,,,,,,,,,,
あきたけん,,,,,,,,,,
あきばけい,,,,,,,,,,
あきまつり,,,,,,,,,,
あきる,,,,,,,,,,
あくせさりー,,,,,,,,,,
あくせる,,,,,,,,,,
あくせんと,,,,,,,,,,
あくてぃぶ,,,,,,,,,,
あげどうふ,,,,,,,,,,
あげどり,,,,,,,,,,
あげはちょう,,,,,,,,,,
あごひげ,,,,,,,,,,
あさがお,,,,,,,,,,
あし,,,,,,,,,,
あじ,,,,,,,,,,
あしか,,,,,,,,,,
あじさい,,,,,,,,,,
あしすと,,,,,,,,,,
あじりてぃ,,,,,,,,,,
あじわう,,,,,,,,,,
あしんめとりー,,,,,,,,,,
あすかじだい,,,,,,,,,,
あすぱらがす,,,,,,,,,,
あせ,,,,,,,,,,
あせろらぜりー,,,,,,,,,,
あたえる,,,,,,,,,,
あたたかい,,,,,,,,,,
あたたまる,,,,,,,,,,
あたためる,,,,,,,,,,
あたま,,,,,,,,,,
あたらしい,,,,,,,,,,
あつあげ,,,,,,,,,,
あつあつ,,,,,,,,,,
あつい,,,,,,,,,,
あっさり,,,,,,,,,,
あっしゅくき,,,,,,,,,,
あっぷ,,,,,,,,,,
あっぷばんく,,,,,,,,,,
あっぷる,,,,,,,,,,
あっぷるぱい,,,,,,,,,,
あつまれ,,,,,,,,,,
あどばいす,,,,,,,,,,
あとらすおおかぶと,,,,,,,,,,
あなうんさー,,,,,,,,,,
あなうんす,,,,,,,,,,
あなぐま,,,,,,,,,,
あなご,,,,,,,,,,
あなりすと,,,,,,,,,,
あにまる,,,,,,,,,,
あにめーたー,,,,,,,,,,
あねもね,,,,,,,,,,
あぱーと,,,,,,,,,,
あふたぬーんてぃー,,,,,,,,,,
あぶらえ,,,,,,,,,,
あぶらぜみ,,,,,,,,,,
あぶらそば,,,,,,,,,,
あふりかぞう,,,,,,,,,,
あふろ,,,,,,,,,,
あぷろーち,,,,,,,,,,
あぼがど,,,,,,,,,,
あまい,,,,,,,,,,
あまえび,,,,,,,,,,
あまえる,,,,,,,,,,
あまぐり,,,,,,,,,,
あまだい,,,,,,,,,,
あまちゅあ,,,,,,,,,,
あまなっとう,,,,,,,,,,
あまやかす,,,,,,,,,,
あまりりす,,,,,,,,,,
あまれっと,,,,,,,,,,
あみのさん,,,,,,,,,,
あめかじ,,,,,,,,,,
あめだま,,,,,,,,,,
あめりかんこーひー,,,,,,,,,,
あめりかんぶるー,,,,,,,,,,
あめんぼ,,,,,,,,,,
あやめ,,,,,,,,,,
あゆ,,,,,,,,,,
あゆむ,,,,,,,,,,
あらいぐま,,,,,,,,,,
あられ,,,,,,,,,,
あり,,,,,,,,,,
ありうーぷ,,,,,,,,,,
ありがとう,,,,,,,,,,
ありくい,,,,,,,,,,
あるかり,,,,,,,,,,
あるく,,,,,,,,,,
あるこーる,,,,,,,,,,
あるごん,,,,,,,,,,
あるとほるん,,,,,,,,,,
あるばいと,,,,,,,,,,
あるぱか,,,,,,,,,,
あるばむ,,,,,,,,,,
あるまじろ,,,,,,,,,,
あるみ,,,,,,,,,,
あるみにうむ,,,,,,,,,,
あるみほいる,,,,,,,,,,
あれち,,,,,,,,,,
あれるぎー,,,,,,,,,,
あろえ,,,,,,,,,,
あわせっけん,,,,,,,,,,
あわだてき,,,,,,,,,,
あわび,,,,,,,,,,
あわもり,,,,,,,,,,
あんかけちゃーはん,,,,,,,,,,
あんかけやきそば,,,,,,,,,,
あんけーと,,,,,,,,,,
あんこう,,,,,,,,,,
あんこーる,,,,,,,,,,
あんこもち,,,,,,,,,,
あんさんぶる,,,,,,,,,,
あんしん,,,,,,,,,,
あんだーすろー,,,,,,,,,,
あんだーそっくす,,,,,,,,,,
あんだーらっぷ,,,,,,,,,,
あんてい,,,,,,,,,,
あんですめろん,,,,,,,,,,
あんてな,,,,,,,,,,
あんない,,,,,,,,,,
あんばたさんど,,,,,,,,,,
あんぱん,,,,,,,,,,
あんぷ,,,,,,,,,,
あんぺあ,,,,,,,,,,
あんみつ,,,,,,,,,,
いーじすかん,,,,,,,,,,
いおう,,,,,,,,,,
いか,,,,,,,,,,
いかさし,,,,,,,,,,
いかそうめん,,,,,,,,,,
いかだ,,,,,,,,,,
いかのちりそーす,,,,,,,,,,
いかのにつけ,,,,,,,,,,
いかめし,,,,,,,,,,
いぐにっしょん,,,,,,,,,,
いくら,,,,,,,,,,
いけばな,,,,,,,,,,
いげんある,,,,,,,,,,
いげんたる,,,,,,,,,,
いこーる,,,,,,,,,,
いざかや,,,,,,,,,,
いし,,,,,,,,,,
いしうす,,,,,,,,,,
いしせっけん,,,,,,,,,,
いしだい,,,,,,,,,,
いしゃ,,,,,,,,,,
いしょうけーす,,,,,,,,,,
いだい,,,,,,,,,,
いたち,,,,,,,,,,
いちがつ,,,,,,,,,,
いちご,,,,,,,,,,
いちごがり,,,,,,,,,,
いちごぎゅうにゅう,,,,,,,,,,
いちごだいふく,,,,,,,,,,
いちば,,,,,,,,,,
いちょう,,,,,,,,,,
いちりんしゃ,,,,,,,,,,
いてざ,,,,,,,,,,
いどみず,,,,,,,,,,
いなご,,,,,,,,,,
いなづま,,,,,,,,,,
いぬ,,,,,,,,,,
いのしし,,,,,,,,,,
いのべーしょん,,,,,,,,,,
いのる,,,,,,,,,,
いびき,,,,,,,,,,
いふう,,,,,,,,,,
いふうどうどう,,,,,,,,,,
いまがわやき,,,,,,,,,,
いまじねーしょん,,,,,,,,,,
いめーじ,,,,,,,,,,
いもけんぴ,,,,,,,,,,
いもふらい,,,,,,,,,,
いやーまふ,,,,,,,,,,
いらすとれーたー,,,,,,,,,,
いりじうむ,,,,,,,,,,
いるか,,,,,,,,,,
いろえんぴつ,,,,,,,,,,
いろおに,,,,,,,,,,
いろがみ,,,,,,,,,,
いろどる,,,,,,,,,,
いわし,,,,,,,,,,
いわしのしおやき,,,,,,,,,,
いんかん,,,,,,,,,,
いんかんまっと,,,,,,,,,,
いんく,,,,,,,,,,
いんこーす,,,,,,,,,,
いんさいどきっく,,,,,,,,,,
いんさつ,,,,,,,,,,
いんすたんとこーひー,,,,,,,,,,
いんたーふぉん,,,,,,,,,,
いんたびゅー,,,,,,,,,,
いんち,,,,,,,,,,
いんてり,,,,,,,,,,
いんどぞう,,,,,,,,,,
いんなーすぱいく,,,,,,,,,,
いんふれ,,,,,,,,,,
ういすきー,,,,,,,,,,
うぃっぐ,,,,,,,,,,
ういにんぐしょっと,,,,,,,,,,
ういにんぐぼーる,,,,,,,,,,
ういろう,,,,,,,,,,
ういんく,,,,,,,,,,
うぃんたー,,,,,,,,,,
ゔぃんてーじ,,,,,,,,,,
うーまん,,,,,,,,,,
うーる,,,,,,,,,,
うーろんちゃ,,,,,,,,,,
うーろんはい,,,,,,,,,,
うえいとれす,,,,,,,,,,
うぇーぶ,,,,,,,,,,
うえすとぽーち,,,,,,,,,,
うえっとしーと,,,,,,,,,,
うえはーす,,,,,,,,,,
うぇぶでざいなー,,,,,,,,,,
うぇぶぷろぐらまー,,,,,,,,,,
うぇんずでい,,,,,,,,,,
うぉーきんぐ,,,,,,,,,,
うぉーたーすとーぶ,,,,,,,,,,
うおざ,,,,,,,,,,
うぉっか,,,,,,,,,,
うぉっかとにっく,,,,,,,,,,
うぉっしゃーえき,,,,,,,,,,
うぉれっとちぇーん,,,,,,,,,,
うかぶ,,,,,,,,,,
うきうき,,,,,,,,,,
うけつけ,,,,,,,,,,
うけつけじょう,,,,,,,,,,
うごく,,,,,,,,,,
うこん,,,,,,,,,,
うさぎ,,,,,,,,,,
うさみみ,,,,,,,,,,
うし,,,,,,,,,,
うちゅうせん,,,,,,,,,,
うちゅうひこうし,,,,,,,,,,
うちゅうろけっと,,,,,,,,,,
うちわ,,,,,,,,,,
うつくしい,,,,,,,,,,
うっどこーすたー,,,,,,,,,,
うつぼ,,,,,,,,,,
うで,,,,,,,,,,
うでどけい,,,,,,,,,,
うど,,,,,,,,,,
うどん,,,,,,,,,,
うどんや,,,,,,,,,,
うなぎ,,,,,,,,,,
うなじゅう,,,,,,,,,,
うに,,,,,,,,,,
うま,,,,,,,,,,
うまい,,,,,,,,,,
うまとび,,,,,,,,,,
うみ,,,,,,,,,,
うみづり,,,,,,,,,,
うめ,,,,,,,,,,
うめこぶちゃ,,,,,,,,,,
うめしゅ,,,,,,,,,,
うめしゅそーだ,,,,,,,,,,
うめしゅろっく,,,,,,,,,,
うらおもて,,,,,,,,,,
うらぐち,,,,,,,,,,
うらないし,,,,,,,,,,
うらなう,,,,,,,,,,
うらん,,,,,,,,,,
うり,,,,,,,,,,
うるおう,,,,,,,,,,
うるふかっと,,,,,,,,,,
うれしい,,,,,,,,,,
うれる,,,,,,,,,,
うんてん,,,,,,,,,,
うんてんめんきょ,,,,,,,,,,
うんどう,,,,,,,,,,
うんどうかい,,,,,,,,,,
えあこん,,,,,,,,,,
えあばっく,,,,,,,,,,
えあろびっく,,,,,,,,,,
えい,,,,,,,,,,
えいがかんとく,,,,,,,,,,
えいぎょうまん,,,,,,,,,,
えいご,,,,,,,,,,
えいぞうかめらまん,,,,,,,,,,
えいぷりる,,,,,,,,,,
えいぷりるふーる,,,,,,,,,,
えいよう,,,,,,,,,,
えいようし,,,,,,,,,,
えーてぃーえむ,,,,,,,,,,
えかき,,,,,,,,,,
えき,,,,,,,,,,
えきさいてぃんぐ,,,,,,,,,,
えきぞちっく,,,,,,,,,,
えきでん,,,,,,,,,,
えくれあ,,,,,,,,,,
えこばっく,,,,,,,,,,
えすかれーたー,,,,,,,,,,
えすて,,,,,,,,,,
えすぷれっそ,,,,,,,,,,
えだななふし,,,,,,,,,,
えだまめ,,,,,,,,,,
えだまめのさらだ,,,,,,,,,,
えちけっと,,,,,,,,,,
えどじだい,,,,,,,,,,
えなじーどりんく,,,,,,,,,,
えねるぎー,,,,,,,,,,
えのきたけ,,,,,,,,,,
えのぐ,,,,,,,,,,
えび,,,,,,,,,,
えびちゃーはん,,,,,,,,,,
えびふらい,,,,,,,,,,
えふで,,,,,,,,,,
えぷろん,,,,,,,,,,
えほんさっか,,,,,,,,,,
えむえーわん,,,,,,,,,,
えらい,,,,,,,,,,
えりあ,,,,,,,,,,
えりか,,,,,,,,,,
えりんぎ,,,,,,,,,,
えるふ,,,,,,,,,,
えれがんと,,,,,,,,,,
えれきぎたー,,,,,,,,,,
えれきべーす,,,,,,,,,,
えれべーたー,,,,,,,,,,
えんじにあ,,,,,,,,,,
えんしゅつか,,,,,,,,,,
えんじん,,,,,,,,,,
えんじんおいる,,,,,,,,,,
えんそ,,,,,,,,,,
えんちょう,,,,,,,,,,
えんどらいん,,,,,,,,,,
えんばん,,,,,,,,,,
えんばんなげ,,,,,,,,,,
えんぴつ,,,,,,,,,,
えんぴつきゃっぷ,,,,,,,,,,
えんぴつけずり,,,,,,,,,,
えんまこおろぎ,,,,,,,,,,
おいしい,,,,,,,,,,
おいる,,,,,,,,,,
おいるげーじ,,,,,,,,,,
おいわい,,,,,,,,,,
おうじ,,,,,,,,,,
おうしざ,,,,,,,,,,
おうじょ,,,,,,,,,,
おうどいろ,,,,,,,,,,
おうんごーる,,,,,,,,,,
おーがすと,,,,,,,,,,
おおかまきり,,,,,,,,,,
おおきい,,,,,,,,,,
おおくわがた,,,,,,,,,,
おーけすとら,,,,,,,,,,
おおすぶめばち,,,,,,,,,,
おーだー,,,,,,,,,,
おーとばい,,,,,,,,,,
おーとまちっく,,,,,,,,,,
おーとれーす,,,,,,,,,,
おおば,,,,,,,,,,
おーばー,,,,,,,,,,
おーばーおーる,,,,,,,,,,
おーばーすろー,,,,,,,,,,
おーばーねっと,,,,,,,,,,
おーぶん,,,,,,,,,,
おーぷん,,,,,,,,,,
おーぷんかー,,,,,,,,,,
おーぷんせん,,,,,,,,,,
おーぶんれんじ,,,,,,,,,,
おーむ,,,,,,,,,,
おーる,,,,,,,,,,
おーるばっく,,,,,,,,,,
おーろらちきん,,,,,,,,,,
おかか,,,,,,,,,,
おかっぱ,,,,,,,,,,
おかゆ,,,,,,,,,,
おから,,,,,,,,,,
おからはんばーぐ,,,,,,,,,,
おかりな,,,,,,,,,,
おきる,,,,,,,,,,
おくたーぶ,,,,,,,,,,
おくとーばー,,,,,,,,,,
おくば,,,,,,,,,,
おくら,,,,,,,,,,
おこのみやき,,,,,,,,,,
おさしみ,,,,,,,,,,
おさら,,,,,,,,,,
おじぎそう,,,,,,,,,,
おしくらまんじゅう,,,,,,,,,,
おしぼり,,,,,,,,,,
おしんこ,,,,,,,,,,
おすいもの,,,,,,,,,,
おそい,,,,,,,,,,
おぞうに,,,,,,,,,,
おたま,,,,,,,,,,
おちゃ,,,,,,,,,,
おちゃづけ,,,,,,,,,,
おちゅうげん,,,,,,,,,,
おっとせい,,,,,,,,,,
おでん,,,,,,,,,,
おとしぶた,,,,,,,,,,
おとしより,,,,,,,,,,
おとめざ,,,,,,,,,,
おとり,,,,,,,,,,
おとりよせぐるめ,,,,,,,,,,
おどろかす,,,,,,,,,,
おどろき,,,,,,,,,,
おどろく,,,,,,,,,,
おにいさん,,,,,,,,,,
おにぎり,,,,,,,,,,
おにやんま,,,,,,,,,,
おねえさん,,,,,,,,,,
おのまとぺ,,,,,,,,,,
おはぎ,,,,,,,,,,
おはし,,,,,,,,,,
おはなみ,,,,,,,,,,
おび,,,,,,,,,,
おひつじざ,,,,,,,,,,
おひめさま,,,,,,,,,,
おふぃす,,,,,,,,,,
おふぃすちぇあ,,,,,,,,,,
おふぃすですく,,,,,,,,,,
おふさいど,,,,,,,,,,
おべんとう,,,,,,,,,,
おべんとうばこ,,,,,,,,,,
おぼん,,,,,,,,,,
おまわりさん,,,,,,,,,,
おみそしる,,,,,,,,,,
おもしろい,,,,,,,,,,
おもちゃばこ,,,,,,,,,,
おやこ,,,,,,,,,,
おやしらず,,,,,,,,,,
おやゆび,,,,,,,,,,
おゆ,,,,,,,,,,
おらんうーたん,,,,,,,,,,
おりえんてーしょん,,,,,,,,,,
おりおんざ,,,,,,,,,,
おりがみ,,,,,,,,,,
おりじなる,,,,,,,,,,
おりたたみいす,,,,,,,,,,
おりたたみがさ,,,,,,,,,,
おりんぴっく,,,,,,,,,,
おるがん,,,,,,,,,,
おれんじ,,,,,,,,,,
おれんじじゅーす,,,,,,,,,,
おれんじぶろっさむ,,,,,,,,,,
おろしがね,,,,,,,,,,
おわん,,,,,,,,,,
おんがく,,,,,,,,,,
おんがくしつ,,,,,,,,,,
おんせん,,,,,,,,,,
おんど,,,,,,,,,,
おんどけい,,,,,,,,,,
おんぷ,,,,,,,,,,
おんぶばった,,,,,,,,,,
おんらいん,,,,,,,,,,
かーごぱんつ,,,,,,,,,,
かーでぃがん,,,,,,,,,,
かーてん,,,,,,,,,,
かーど,,,,,,,,,,
かーどけーす,,,,,,,,,,
かーとれーす,,,,,,,,,,
かーねーしょん,,,,,,,,,,
かーぶ,,,,,,,,,,
かーぺっと,,,,,,,,,,
かーりんぐ,,,,,,,,,,
かいおうせい,,,,,,,,,,
かいがい,,,,,,,,,,
かいがいりょこう,,,,,,,,,,
かいしゃ,,,,,,,,,,
かいしゃいん,,,,,,,,,,
かいそう,,,,,,,,,,
かいぞくせん,,,,,,,,,,
かいちょう,,,,,,,,,,
がいど,,,,,,,,,,
がいどぶっく,,,,,,,,,,
かいはつ,,,,,,,,,,
かうぼーい,,,,,,,,,,
かうんたーちぇあ,,,,,,,,,,
かうんたーてーぶる,,,,,,,,,,
がか,,,,,,,,,,
かかく,,,,,,,,,,
かがく,,,,,,,,,,
かがくしゃ,,,,,,,,,,
かがみ,,,,,,,,,,
かかりいん,,,,,,,,,,
かかりちょう,,,,,,,,,,
かき,,,,,,,,,,
かきごおりき,,,,,,,,,,
かきたまじる,,,,,,,,,,
かきのたね,,,,,,,,,,
かきふらい,,,,,,,,,,
かくがり,,,,,,,,,,
がくしゅうづくえ,,,,,,,,,,
がくちょう,,,,,,,,,,
かくてる,,,,,,,,,,
がくぶち,,,,,,,,,,
がくぶちょう,,,,,,,,,,
かくれおにごっこ,,,,,,,,,,
かくれんぼ,,,,,,,,,,
かげあそび,,,,,,,,,,
かげおくり,,,,,,,,,,
かげふみおに,,,,,,,,,,
かさご,,,,,,,,,,
かさたて,,,,,,,,,,
かしおぺやざ,,,,,,,,,,
かじき,,,,,,,,,,
かしす,,,,,,,,,,
かしすうーろん,,,,,,,,,,
かしすおれんじ,,,,,,,,,,
かしすそーだ,,,,,,,,,,
かしすびーる,,,,,,,,,,
かしすみるく,,,,,,,,,,
かしつき,,,,,,,,,,
かじつしゅ,,,,,,,,,,
かしゅ,,,,,,,,,,
かじゅある,,,,,,,,,,
かじゅえん,,,,,,,,,,
かしわもち,,,,,,,,,,
がす,,,,,,,,,,
かすたーどぷりん,,,,,,,,,,
かすたまー,,,,,,,,,,
かすてら,,,,,,,,,,
かずのこ,,,,,,,,,,
がすぼんべ,,,,,,,,,,
かすみそう,,,,,,,,,,
かせい,,,,,,,,,,
かせっと,,,,,,,,,,
かせっとらじお,,,,,,,,,,
かぞく,,,,,,,,,,
がそりん,,,,,,,,,,
がそりんえんじん,,,,,,,,,,
がそりんすたんど,,,,,,,,,,
がそりんたんく,,,,,,,,,,
かたくり,,,,,,,,,,
かちゅーしゃ,,,,,,,,,,
かちょう,,,,,,,,,,
かちょうほさ,,,,,,,,,,
かつお,,,,,,,,,,
がっき,,,,,,,,,,
かっと,,,,,,,,,,
かっとぼーる,,,,,,,,,,
かっとまん,,,,,,,,,,
かっぷ,,,,,,,,,,
かっぷる,,,,,,,,,,
かていか,,,,,,,,,,
かていかしつ,,,,,,,,,,
かていさいえん,,,,,,,,,,
かてごりー,,,,,,,,,,
かでん,,,,,,,,,,
がとーしょこら,,,,,,,,,,
かなづち,,,,,,,,,,
かなぶん,,,,,,,,,,
かに,,,,,,,,,,
かにざ,,,,,,,,,,
かにすぷーん,,,,,,,,,,
かぬー,,,,,,,,,,
かば,,,,,,,,,,
かばー,,,,,,,,,,
かばでぃ,,,,,,,,,,
かぴばら,,,,,,,,,,
がびょう,,,,,,,,,,
かびん,,,,,,,,,,
かぶ,,,,,,,,,,
かふぇ,,,,,,,,,,
かふぇおれ,,,,,,,,,,
かふぇらて,,,,,,,,,,
かぷちーの,,,,,,,,,,
かぶとむし,,,,,,,,,,
かふん,,,,,,,,,,
かぼす,,,,,,,,,,
かぼちゃ,,,,,,,,,,
かぼちゃくっきー,,,,,,,,,,
かぼちゃさらだ,,,,,,,,,,
かぼちゃぷりん,,,,,,,,,,
かまきり,,,,,,,,,,
かまくらじだい,,,,,,,,,,
かまぼこ,,,,,,,,,,
かみ,,,,,,,,,,
かみかみさらだ,,,,,,,,,,
かみこっぷ,,,,,,,,,,
かみざら,,,,,,,,,,
かみすとろー,,,,,,,,,,
かみずもう,,,,,,,,,,
かみてっぽう,,,,,,,,,,
かみひこうき,,,,,,,,,,
かみぶえ,,,,,,,,,,
がむ,,,,,,,,,,
がむてーぷ,,,,,,,,,,
かむばっく,,,,,,,,,,
かめら,,,,,,,,,,
かめらまん,,,,,,,,,,
かもしか,,,,,,,,,,
かもすき,,,,,,,,,,
かもつしゃ,,,,,,,,,,
かもつせん,,,,,,,,,,
かもつれっしゃ,,,,,,,,,,
かもみーる,,,,,,,,,,
かやっく,,,,,,,,,,
がようし,,,,,,,,,,
かようび,,,,,,,,,,
からー,,,,,,,,,,
からあげ,,,,,,,,,,
からい,,,,,,,,,,
がらがら,,,,,,,,,,
からし,,,,,,,,,,
からしあえ,,,,,,,,,,
がらす,,,,,,,,,,
からすあげは,,,,,,,,,,
からだ,,,,,,,,,,
からっと,,,,,,,,,,
からて,,,,,,,,,,
からてどう,,,,,,,,,,
からとりー,,,,,,,,,,
からふる,,,,,,,,,,
かりあげ,,,,,,,,,,
かりうむ,,,,,,,,,,
がりうむ,,,,,,,,,,
かりかり,,,,,,,,,,
がりがり,,,,,,,,,,
かりきゅらむ,,,,,,,,,,
かりふらわー,,,,,,,,,,
かりんとう,,,,,,,,,,
かるい,,,,,,,,,,
かるーあ,,,,,,,,,,
かるーあみるく,,,,,,,,,,
かるしうむ,,,,,,,,,,
かるて,,,,,,,,,,
かるめら,,,,,,,,,,
かれい,,,,,,,,,,
かれー,,,,,,,,,,
がれーじ,,,,,,,,,,
かれーまん,,,,,,,,,,
かれーらいす,,,,,,,,,,
かれんだー,,,,,,,,,,
かろてん,,,,,,,,,,
かろりー,,,,,,,,,,
かわ,,,,,,,,,,
かわいい,,,,,,,,,,
かわぐつ,,,,,,,,,,
かわづり,,,,,,,,,,
かわはぎ,,,,,,,,,,
かんがえる,,,,,,,,,,
かんがるー,,,,,,,,,,
がんがん,,,,,,,,,,
かんきせん,,,,,,,,,,
かんげき,,,,,,,,,,
かんけり,,,,,,,,,,
かんしゃ,,,,,,,,,,
かんせい,,,,,,,,,,
かんぞうきのう,,,,,,,,,,
かんたい,,,,,,,,,,
がんたい,,,,,,,,,,
かんてん,,,,,,,,,,
かんでんち,,,,,,,,,,
かんどう,,,,,,,,,,
かんどうてき,,,,,,,,,,
かんな,,,,,,,,,,
かんぱち,,,,,,,,,,
かんぱり,,,,,,,,,,
かんぱりおれんじ,,,,,,,,,,
かんぱりそーだ,,,,,,,,,,
かんぱん,,,,,,,,,,
かんぼうちょう,,,,,,,,,,
がんま,,,,,,,,,,
かんようしょくぶつ,,,,,,,,,,
かんらんしゃ,,,,,,,,,,
かんり,,,,,,,,,,
ぎあ,,,,,,,,,,
きあげは,,,,,,,,,,
ぎあればー,,,,,,,,,,
きーあくせさりー,,,,,,,,,,
きーけーす,,,,,,,,,,
きーぷ,,,,,,,,,,
きーほるだー,,,,,,,,,,
きーる,,,,,,,,,,
きいろ,,,,,,,,,,
きうい,,,,,,,,,,
きおん,,,,,,,,,,
ぎが,,,,,,,,,,
ききゅう,,,,,,,,,,
きく,,,,,,,,,,
きくらげ,,,,,,,,,,
きこく,,,,,,,,,,
ぎざぎざ,,,,,,,,,,
きしゃ,,,,,,,,,,
きしゅ,,,,,,,,,,
ぎじゅつ,,,,,,,,,,
きしょうだい,,,,,,,,,,
きしょうよほうし,,,,,,,,,,
きせん,,,,,,,,,,
きたえる,,,,,,,,,,
きだかい,,,,,,,,,,
ぎたりすと,,,,,,,,,,
きちょう,,,,,,,,,,
きっかー,,,,,,,,,,
きっく,,,,,,,,,,
きっくべーす,,,,,,,,,,
きっさてん,,,,,,,,,,
きっずちぇあ,,,,,,,,,,
きっずですく,,,,,,,,,,
きっちん,,,,,,,,,,
きっちんたおる,,,,,,,,,,
きっちんまっと,,,,,,,,,,
きっちんらっく,,,,,,,,,,
きつね,,,,,,,,,,
きつねうどん,,,,,,,,,,
きつねざる,,,,,,,,,,
きなこもち,,,,,,,,,,
きねんひ,,,,,,,,,,
きのこ,,,,,,,,,,
きのこかれー,,,,,,,,,,
きのこごはん,,,,,,,,,,
きのこすぱげってぃ,,,,,,,,,,
きのこのさらだ,,,,,,,,,,
きば,,,,,,,,,,
きびだんご,,,,,,,,,,
きひん,,,,,,,,,,
きまる,,,,,,,,,,
きみどりいろ,,,,,,,,,,
ぎむれっと,,,,,,,,,,
きもだめし,,,,,,,,,,
ぎゃぐ,,,,,,,,,,
きゃくほんか,,,,,,,,,,
ぎゃくもひかん,,,,,,,,,,
きゃたつ,,,,,,,,,,
きゃっする,,,,,,,,,,
きゃっちー,,,,,,,,,,
きゃっちぼーる,,,,,,,,,,
きゃっちゃーみっと,,,,,,,,,,
きゃっぷ,,,,,,,,,,
きゃでぃ,,,,,,,,,,
きゃぷてん,,,,,,,,,,
きゃぶれたー,,,,,,,,,,
きゃべつ,,,,,,,,,,
きゃらくたー,,,,,,,,,,
きゃらめる,,,,,,,,,,
きゃりあ,,,,,,,,,,
きゃりーばっく,,,,,,,,,,
きゃんせる,,,,,,,,,,
きゃんでぃ,,,,,,,,,,
きゃんどる,,,,,,,,,,
きゃんばす,,,,,,,,,,
きゃんぱす,,,,,,,,,,
きゃんぴんぐかー,,,,,,,,,,
きゃんぷ,,,,,,,,,,
きゃんぷじょう,,,,,,,,,,
きゃんぺーん,,,,,,,,,,
きゅー,,,,,,,,,,
ぎゅうぎゅう,,,,,,,,,,
きゅうきゅうしゃ,,,,,,,,,,
きゅうこうれっしゃ,,,,,,,,,,
きゅうじょたい,,,,,,,,,,
きゅうす,,,,,,,,,,
きゅうすいまっと,,,,,,,,,,
ぎゅうたん,,,,,,,,,,
ぎゅうたんかれー,,,,,,,,,,
きゅうどう,,,,,,,,,,
ぎゅうにく,,,,,,,,,,
ぎゅうにゅう,,,,,,,,,,
きゅーぴっと,,,,,,,,,,
きゅうむいん,,,,,,,,,,
きゅうめいぼーど,,,,,,,,,,
きゅうり,,,,,,,,,,
きゅらそー,,,,,,,,,,
きょうか,,,,,,,,,,
きょうかん,,,,,,,,,,
きょうぎ,,,,,,,,,,
きょうぎょう,,,,,,,,,,
ぎょうざ,,,,,,,,,,
きょうしつ,,,,,,,,,,
きょうじゅ,,,,,,,,,,
きょうとう,,,,,,,,,,
きょうほ,,,,,,,,,,
きょか,,,,,,,,,,
きょくちょう,,,,,,,,,,
ぎょこう,,,,,,,,,,
ぎょせん,,,,,,,,,,
きょだい,,,,,,,,,,
きらきら,,,,,,,,,,
きらめく,,,,,,,,,,
きりふき,,,,,,,,,,
きりぼしだいこん,,,,,,,,,,
きりん,,,,,,,,,,
きれいな,,,,,,,,,,
きれいめ,,,,,,,,,,
きろ,,,,,,,,,,
きろぐらむ,,,,,,,,,,
きろびっと,,,,,,,,,,
きろめーとる,,,,,,,,,,
きわめる,,,,,,,,,,
きんいろ,,,,,,,,,,
ぎんいろ,,,,,,,,,,
ぎんが,,,,,,,,,,
きんぎょそう,,,,,,,,,,
きんぐべっと,,,,,,,,,,
ぎんこう,,,,,,,,,,
きんせい,,,,,,,,,,
きんつば,,,,,,,,,,
きんとれ,,,,,,,,,,
きんとん,,,,,,,,,,
きんにく,,,,,,,,,,
きんぱつ,,,,,,,,,,
きんめだい,,,,,,,,,,
きんもくせい,,,,,,,,,,
ぎんやんま,,,,,,,,,,
きんようび,,,,,,,,,,
くいーんべっと,,,,,,,,,,
くいず,,,,,,,,,,
くいっくとす,,,,,,,,,,
くうきせいじょうき,,,,,,,,,,
くうきでっぽう,,,,,,,,,,
ぐうぐう,,,,,,,,,,
くうこう,,,,,,,,,,
くうしんさい,,,,,,,,,,
くうちゅうふゆう,,,,,,,,,,
ぐーぱー,,,,,,,,,,
くーらー,,,,,,,,,,
くーる,,,,,,,,,,
くえ,,,,,,,,,,
くがつ,,,,,,,,,,
くさぶえ,,,,,,,,,,
くさもち,,,,,,,,,,
くさやきゅう,,,,,,,,,,
くじら,,,,,,,,,,
くすくす,,,,,,,,,,
くすのき,,,,,,,,,,
くすりゆび,,,,,,,,,,
ぐだくさんみそしる,,,,,,,,,,
くち,,,,,,,,,,
くちびる,,,,,,,,,,
くちゃくちゃ,,,,,,,,,,
くつ,,,,,,,,,,
くっきー,,,,,,,,,,
くっきんぐしーと,,,,,,,,,,
くっきんぐぺーぱー,,,,,,,,,,
ぐつぐつ,,,,,,,,,,
くつした,,,,,,,,,,
くっしょん,,,,,,,,,,
くっしょんかばー,,,,,,,,,,
くっしょんぼーる,,,,,,,,,,
くつひも,,,,,,,,,,
くつべら,,,,,,,,,,
くび,,,,,,,,,,
ぐびぐび,,,,,,,,,,
くま,,,,,,,,,,
くまぜみ,,,,,,,,,,
くまむし,,,,,,,,,,
ぐみ,,,,,,,,,,
くも,,,,,,,,,,
くもり,,,,,,,,,,
くらしっく,,,,,,,,,,
くらす,,,,,,,,,,
ぐらす,,,,,,,,,,
ぐらたん,,,,,,,,,,
くらっち,,,,,,,,,,
くらっちばっく,,,,,,,,,,
ぐらぶ,,,,,,,,,,
ぐらふようし,,,,,,,,,,
ぐらむ,,,,,,,,,,
くらりねっと,,,,,,,,,,
ぐらんど,,,,,,,,,,
ぐらんどごるふ,,,,,,,,,,
ぐらんどぴあの,,,,,,,,,,
くりあ,,,,,,,,,,
くりーにんぐ,,,,,,,,,,
くりーむ,,,,,,,,,,
くりーむそーだ,,,,,,,,,,
くりーむだいふく,,,,,,,,,,
くりーむちーず,,,,,,,,,,
ぐりーん,,,,,,,,,,
くりーんあっぷ,,,,,,,,,,
くりえいてぃぶ,,,,,,,,,,
くりきんとん,,,,,,,,,,
くりけっと,,,,,,,,,,
ぐりこ,,,,,,,,,,
くりすます,,,,,,,,,,
くりすますろーず,,,,,,,,,,
くりっぷ,,,,,,,,,,
くりにっく,,,,,,,,,,
くりぷとん,,,,,,,,,,
くりまんじゅう,,,,,,,,,,
ぐるーぷ,,,,,,,,,,
くるまいす,,,,,,,,,,
くるまばった,,,,,,,,,,
くるみ,,,,,,,,,,
ぐれー,,,,,,,,,,
ぐれーぷふるーつ,,,,,,,,,,
くれーん,,,,,,,,,,
くれーんしゃ,,,,,,,,,,
くれぱす,,,,,,,,,,
くれよん,,,,,,,,,,
くろあげは,,,,,,,,,,
くろいろ,,,,,,,,,,
くろおおあり,,,,,,,,,,
くろーばー,,,,,,,,,,
くろごまぷりん,,,,,,,,,,
くろすおーばー,,,,,,,,,,
くろすかんとりー,,,,,,,,,,
くろすすぱいく,,,,,,,,,,
くろびーる,,,,,,,,,,
くろひょう,,,,,,,,,,
くろまめさらだ,,,,,,,,,,
くろむ,,,,,,,,,,
くろめ,,,,,,,,,,
くろやまあり,,,,,,,,,,
くわがた,,,,,,,,,,
くわばたけ,,,,,,,,,,
ぐんぐん,,,,,,,,,,
けいいりん,,,,,,,,,,
けいえい,,,,,,,,,,
けいこうとう,,,,,,,,,,
けいこうぺん,,,,,,,,,,
けいさつかん,,,,,,,,,,
けいさつしょ,,,,,,,,,,
けいじどうしゃ,,,,,,,,,,
げいじゅつか,,,,,,,,,,
けいそ,,,,,,,,,,
けいたいでんわ,,,,,,,,,,
けいば,,,,,,,,,,
けいゆ,,,,,,,,,,
けいり,,,,,,,,,,
けいりょうかっぷ,,,,,,,,,,
けいりょうすぷーん,,,,,,,,,,
けーき,,,,,,,,,,
けーす,,,,,,,,,,
げーとぼーる,,,,,,,,,,
けーぶるかー,,,,,,,,,,
げーむ,,,,,,,,,,
げーむき,,,,,,,,,,
げーむくりえいたー,,,,,,,,,,
げーむせっと,,,,,,,,,,
けがに,,,,,,,,,,
けしごむ,,,,,,,,,,
けしごむはんこ,,,,,,,,,,
げすと,,,,,,,,,,
げっけいじゅ,,,,,,,,,,
けっこん,,,,,,,,,,
けっさん,,,,,,,,,,
げっつー,,,,,,,,,,
けっとう,,,,,,,,,,
げつようび,,,,,,,,,,
けとる,,,,,,,,,,
げらげら,,,,,,,,,,
げるまにうむ,,,,,,,,,,
けろけろ,,,,,,,,,,
げんかん,,,,,,,,,,
げんかんまっと,,,,,,,,,,
げんき,,,,,,,,,,
けんきゅう,,,,,,,,,,
けんきゅういん,,,,,,,,,,
げんこうようし,,,,,,,,,,
げんこつ,,,,,,,,,,
けんさ,,,,,,,,,,
けんさく,,,,,,,,,,
けんさつちょう,,,,,,,,,,
げんじぼたる,,,,,,,,,,
げんそきごう,,,,,,,,,,
げんだいぶん,,,,,,,,,,
けんだま,,,,,,,,,,
けんちんじる,,,,,,,,,,
けんどう,,,,,,,,,,
けんぴ,,,,,,,,,,
げんまいちゃ,,,,,,,,,,
こあら,,,,,,,,,,
こあんとろー,,,,,,,,,,
こいぬ,,,,,,,,,,
こいびと,,,,,,,,,,
こいぶみ,,,,,,,,,,
こいんけーす,,,,,,,,,,
こうえい,,,,,,,,,,
こうえん,,,,,,,,,,
ごうか,,,,,,,,,,
ごうかく,,,,,,,,,,
こうかん,,,,,,,,,,
こうきしん,,,,,,,,,,
こうぐ,,,,,,,,,,
こうくうぼかん,,,,,,,,,,
こうこく,,,,,,,,,,
こうし,,,,,,,,,,
こうしきやきゅう,,,,,,,,,,
こうじょう,,,,,,,,,,
こうすい,,,,,,,,,,
こうそく,,,,,,,,,,
こうちゃ,,,,,,,,,,
こうちょう,,,,,,,,,,
こうとうがっこう,,,,,,,,,,
こうとうぶ,,,,,,,,,,
こうばん,,,,,,,,,,
こうみん,,,,,,,,,,
こうむいん,,,,,,,,,,
こうもり,,,,,,,,,,
こうやどうふ,,,,,,,,,,
こうよう,,,,,,,,,,
こうようじゅりん,,,,,,,,,,
こうれいしゃ,,,,,,,,,,
ごえんだま,,,,,,,,,,
こーぎー,,,,,,,,,,
ごーぐる,,,,,,,,,,
こーす,,,,,,,,,,
こーすたー,,,,,,,,,,
こーち,,,,,,,,,,
こーと,,,,,,,,,,
こーど,,,,,,,,,,
こーなー,,,,,,,,,,
こーひー,,,,,,,,,,
こーひーさーばー,,,,,,,,,,
こーひーめーかー,,,,,,,,,,
こーひぜりー,,,,,,,,,,
ごーや,,,,,,,,,,
ごーやちゃんぷる,,,,,,,,,,
こーらす,,,,,,,,,,
ごーる,,,,,,,,,,
ごーるきーぱー,,,,,,,,,,
こーるすろーさらだ,,,,,,,,,,
ごーるでんうぃーく,,,,,,,,,,
ごーるど,,,,,,,,,,
こーんぽたーじゅ,,,,,,,,,,
こーんろう,,,,,,,,,,
ごがつ,,,,,,,,,,
こくご,,,,,,,,,,
ごくごく,,,,,,,,,,
こくとうけーき,,,,,,,,,,
こくばん,,,,,,,,,,
こくばんけし,,,,,,,,,,
こくみんほけん,,,,,,,,,,
こくわがた,,,,,,,,,,
こげちゃいろ,,,,,,,,,,
ここあ,,,,,,,,,,
ここあぷりん,,,,,,,,,,
こごえる,,,,,,,,,,
こしあぶら,,,,,,,,,,
ごしゅいん,,,,,,,,,,
ごしんじゅつ,,,,,,,,,,
こすと,,,,,,,,,,
こすぷれ,,,,,,,,,,
こすもす,,,,,,,,,,
こたつ,,,,,,,,,,
こちょうらん,,,,,,,,,,
こっく,,,,,,,,,,
ごつごつ,,,,,,,,,,
こってり,,,,,,,,,,
こっぷ,,,,,,,,,,
こて,,,,,,,,,,
こと,,,,,,,,,,
ことこと,,,,,,,,,,
こども,,,,,,,,,,
こなぎ,,,,,,,,,,
こなごな,,,,,,,,,,
こはだ,,,,,,,,,,
こばち,,,,,,,,,,
こばると,,,,,,,,,,
こぴー,,,,,,,,,,
こぴーき,,,,,,,,,,
こぶし,,,,,,,,,,
こぶた,,,,,,,,,,
こぶん,,,,,,,,,,
こふんじだい,,,,,,,,,,
ごへいもち,,,,,,,,,,
ごぼう,,,,,,,,,,
ごぼうのさらだ,,,,,,,,,,
ごま,,,,,,,,,,
こまーしゃる,,,,,,,,,,
こまかい,,,,,,,,,,
ごまだんご,,,,,,,,,,
こまつな,,,,,,,,,,
こまつなぎ,,,,,,,,,,
こまつなのみそしる,,,,,,,,,,
ごみばこ,,,,,,,,,,
こみゅにけーしょん,,,,,,,,,,
ごむ,,,,,,,,,,
こめでぃあん,,,,,,,,,,
こめんと,,,,,,,,,,
ごもくそぼろごはん,,,,,,,,,,
こものいれ,,,,,,,,,,
こもん,,,,,,,,,,
こゆび,,,,,,,,,,
こよーて,,,,,,,,,,
ごりら,,,,,,,,,,
こるくぬき,,,,,,,,,,
こるくぼーど,,,,,,,,,,
ごるふ,,,,,,,,,,
ごるふじょう,,,,,,,,,,
これくしょん,,,,,,,,,,
これすてろーる,,,,,,,,,,
ごろ,,,,,,,,,,
ころころ,,,,,,,,,,
ごろごろ,,,,,,,,,,
ころっけ,,,,,,,,,,
ころもがえ,,,,,,,,,,
ごんぐ,,,,,,,,,,
こんくーる,,,,,,,,,,
こんくりーと,,,,,,,,,,
こんさーと,,,,,,,,,,
こんさるてぃんぐ,,,,,,,,,,
こんせんと,,,,,,,,,,
こんたくと,,,,,,,,,,
こんちゅう,,,,,,,,,,
こんてすと,,,,,,,,,,
こんてな,,,,,,,,,,
こんとらすと,,,,,,,,,,
こんとろーる,,,,,,,,,,
こんにちは,,,,,,,,,,
こんにゃく,,,,,,,,,,
こんばいん,,,,,,,,,,
こんぱす,,,,,,,,,,
こんびに,,,,,,,,,,
こんぴゅーた,,,,,,,,,,
こんぺいとう,,,,,,,,,,
こんまへあー,,,,,,,,,,
さーきゅれーたー,,,,,,,,,,
さーくる,,,,,,,,,,
ざーざー,,,,,,,,,,
ざーさい,,,,,,,,,,
さーずでい,,,,,,,,,,
さーばー,,,,,,,,,,
さーびす,,,,,,,,,,
さーぶ,,,,,,,,,,
さーふぃん,,,,,,,,,,
さーふぃんぼーと,,,,,,,,,,
さい,,,,,,,,,,
さいくりんぐ,,,,,,,,,,
さいくる,,,,,,,,,,
さいくるひっと,,,,,,,,,,
さいころすてーき,,,,,,,,,,
さいず,,,,,,,,,,
ざいす,,,,,,,,,,
さいだー,,,,,,,,,,
さいどすろー,,,,,,,,,,
さいどてーぶる,,,,,,,,,,
さいどてーる,,,,,,,,,,
さいどぶれーき,,,,,,,,,,
さいどみらー,,,,,,,,,,
さいばし,,,,,,,,,,
さいばんしょ,,,,,,,,,,
ざいむ,,,,,,,,,,
さいれん,,,,,,,,,,
さいん,,,,,,,,,,
さいんぺん,,,,,,,,,,
さうな,,,,,,,,,,
さかき,,,,,,,,,,
さかな,,,,,,,,,,
さぎょういん,,,,,,,,,,
さくさくちきん,,,,,,,,,,
さくしか,,,,,,,,,,
さくぶん,,,,,,,,,,
さくら,,,,,,,,,,
さくらそう,,,,,,,,,,
さくらもち,,,,,,,,,,
さくらんぼ,,,,,,,,,,
さけのみそやき,,,,,,,,,,
さけぶ,,,,,,,,,,
ささすし,,,,,,,,,,
ささだんご,,,,,,,,,,
さざんか,,,,,,,,,,
さしみ,,,,,,,,,,
さすぺんだー,,,,,,,,,,
さそりざ,,,,,,,,,,
さたでい,,,,,,,,,,
さだめる,,,,,,,,,,
さたんおおかぶと,,,,,,,,,,
さついれ,,,,,,,,,,
さっか,,,,,,,,,,
さっかー,,,,,,,,,,
さっかーじょう,,,,,,,,,,
さっかーすぱいく,,,,,,,,,,
さっかーぼーる,,,,,,,,,,
さつき,,,,,,,,,,
さっきょくか,,,,,,,,,,
さっぱり,,,,,,,,,,
さつまいも,,,,,,,,,,
さつまいものにもの,,,,,,,,,,
さといも,,,,,,,,,,
さにーれたす,,,,,,,,,,
さば,,,,,,,,,,
さばいばるげーむ,,,,,,,,,,
ざぶとん,,,,,,,,,,
さぶばっく,,,,,,,,,,
さぶめんばー,,,,,,,,,,
さふらん,,,,,,,,,,
さぶれ,,,,,,,,,,
さぽーたー,,,,,,,,,,
さぽーと,,,,,,,,,,
さまー,,,,,,,,,,
さむい,,,,,,,,,,
さめ,,,,,,,,,,
さやいんげん,,,,,,,,,,
さやえんどう,,,,,,,,,,
さゆ,,,,,,,,,,
さよならひっと,,,,,,,,,,
さらだ,,,,,,,,,,
さらりーまん,,,,,,,,,,
さる,,,,,,,,,,
ざる,,,,,,,,,,
さわら,,,,,,,,,,
さんかくこーなー,,,,,,,,,,
さんがつ,,,,,,,,,,
さんきゅー,,,,,,,,,,
さんぐらす,,,,,,,,,,
さんしょう,,,,,,,,,,
さんしょくだんご,,,,,,,,,,
ざんしょみまい,,,,,,,,,,
さんすう,,,,,,,,,,
さんせい,,,,,,,,,,
さんそ,,,,,,,,,,
さんぞくあげ,,,,,,,,,,
さんたくろーす,,,,,,,,,,
さんだる,,,,,,,,,,
さんだんとび,,,,,,,,,,
さんでい,,,,,,,,,,
さんどいっち,,,,,,,,,,
さんどばっく,,,,,,,,,,
さんにんがけそふぁ,,,,,,,,,,
さんばいざー,,,,,,,,,,
さんぷる,,,,,,,,,,
さんま,,,,,,,,,,
さんりんしゃ,,,,,,,,,,
さんるーふ,,,,,,,,,,
さんれんきゅう,,,,,,,,,,
しあわせ,,,,,,,,,,
しーくわーさー,,,,,,,,,,
しーざーさらだ,,,,,,,,,,
しーずー,,,,,,,,,,
しーするー,,,,,,,,,,
しーずん,,,,,,,,,,
しいたけ,,,,,,,,,,
しーつ,,,,,,,,,,
しーと,,,,,,,,,,
しーとべると,,,,,,,,,,
じーぱん,,,,,,,,,,
しーふーど,,,,,,,,,,
しーふーどぴらふ,,,,,,,,,,
しーりんぐらいと,,,,,,,,,,
しーる,,,,,,,,,,
じいん,,,,,,,,,,
じーんず,,,,,,,,,,
じえいかん,,,,,,,,,,
じえいたい,,,,,,,,,,
しえいばす,,,,,,,,,,
じぇすちゃー,,,,,,,,,,
じぇっと,,,,,,,,,,
じぇっとき,,,,,,,,,,
じぇっとこーすたー,,,,,,,,,,
じぇっとすきー,,,,,,,,,,
しぇふ,,,,,,,,,,
じぇらーと,,,,,,,,,,
じぇる,,,,,,,,,,
しおから,,,,,,,,,,
しおからとんぼ,,,,,,,,,,
しおだいふく,,,,,,,,,,
しか,,,,,,,,,,
しがつ,,,,,,,,,,
じかようしゃ,,,,,,,,,,
しきしゃ,,,,,,,,,,
しぐれ,,,,,,,,,,
しごと,,,,,,,,,,
じさくぴーしー,,,,,,,,,,
ししざ,,,,,,,,,,
ししつ,,,,,,,,,,
ししつけんさ,,,,,,,,,,
ししとう,,,,,,,,,,
じしゃく,,,,,,,,,,
ししゅう,,,,,,,,,,
しじん,,,,,,,,,,
しずか,,,,,,,,,,
しずく,,,,,,,,,,
しすてむ,,,,,,,,,,
しすてむえんじにあ,,,,,,,,,,
しずむ,,,,,,,,,,
しそ,,,,,,,,,,
しそまき,,,,,,,,,,
しだ,,,,,,,,,,
したくちびる,,,,,,,,,,
したじき,,,,,,,,,,
しちごさん,,,,,,,,,,
しちさんわけ,,,,,,,,,,
じちょう,,,,,,,,,,
しっく,,,,,,,,,,
しっこうやくいん,,,,,,,,,,
しつちょう,,,,,,,,,,
しっぷ,,,,,,,,,,
しつれん,,,,,,,,,,
じてんしゃ,,,,,,,,,,
じどうしゃ,,,,,,,,,,
じどうはんばいき,,,,,,,,,,
しとしと,,,,,,,,,,
じどり,,,,,,,,,,
しない,,,,,,,,,,
しなりお,,,,,,,,,,
しのぶ,,,,,,,,,,
しばけん,,,,,,,,,,
しばざくら,,,,,,,,,,
しべりあんはすきー,,,,,,,,,,
しまあじ,,,,,,,,,,
しまうま,,,,,,,,,,
じむじかん,,,,,,,,,,
じむぶちょう,,,,,,,,,,
しめさば,,,,,,,,,,
しめじ,,,,,,,,,,
しめじごはん,,,,,,,,,,
しもつけ,,,,,,,,,,
じゃーじ,,,,,,,,,,
じゃーじゃーめん,,,,,,,,,,
じゃーなりすと,,,,,,,,,,
しゃーぷぺん,,,,,,,,,,
しゃーべっと,,,,,,,,,,
しゃーぺん,,,,,,,,,,
じゃいあんとぱんだ,,,,,,,,,,
じゃがー,,,,,,,,,,
しゃかい,,,,,,,,,,
じゃがいも,,,,,,,,,,
しゃかしゃか,,,,,,,,,,
じゃがべえじる,,,,,,,,,,
しゃきしゃき,,,,,,,,,,
しやくしょ,,,,,,,,,,
じゃけっと,,,,,,,,,,
しゃけん,,,,,,,,,,
じゃこのやきうどん,,,,,,,,,,
じゃずだんす,,,,,,,,,,
じゃすみんてぃー,,,,,,,,,,
しゃち,,,,,,,,,,
しゃちょう,,,,,,,,,,
しゃつ,,,,,,,,,,
じゃっかる,,,,,,,,,,
じゃっき,,,,,,,,,,
しゃったー,,,,,,,,,,
しゃとる,,,,,,,,,,
じゃにゅありー,,,,,,,,,,
しゃぶしゃぶ,,,,,,,,,,
じゃぶじゃぶ,,,,,,,,,,
しゃべる,,,,,,,,,,
じゃむ,,,,,,,,,,
じゃむびん,,,,,,,,,,
しゃもじ,,,,,,,,,,
しゃりん,,,,,,,,,,
しゃわー,,,,,,,,,,
しゃんでぃーがふ,,,,,,,,,,
しゃんでりあ,,,,,,,,,,
じゃんぱー,,,,,,,,,,
しゃんぱん,,,,,,,,,,
じゃんぷ,,,,,,,,,,
じゃんぷさーぶ,,,,,,,,,,
じゃんぷとす,,,,,,,,,,
じゃんぼ,,,,,,,,,,
じゃんる,,,,,,,,,,
しゅいろ,,,,,,,,,,
じゅういちがつ,,,,,,,,,,
じゅうえんだま,,,,,,,,,,
じゆうがた,,,,,,,,,,
じゅうがつ,,,,,,,,,,
しゅーくりーむ,,,,,,,,,,
しゅうじ,,,,,,,,,,
しゅうしょく,,,,,,,,,,
しゅーず,,,,,,,,,,
じゅーす,,,,,,,,,,
しゅーずぼっくす,,,,,,,,,,
しゅうせいえき,,,,,,,,,,
しゅうせいてーぷ,,,,,,,,,,
しゅうそ,,,,,,,,,,
じゅうどう,,,,,,,,,,
じゅうなんざい,,,,,,,,,,
じゅうにがつ,,,,,,,,,,
しゅうめいぎく,,,,,,,,,,
しゅうり,,,,,,,,,,
しゅうりょうばった,,,,,,,,,,
じゅーる,,,,,,,,,,
しゅうれいな,,,,,,,,,,
じゅーん,,,,,,,,,,
しゅごしん,,,,,,,,,,
じゅごん,,,,,,,,,,
しゅしゅ,,,,,,,,,,
じゅっしゅきょうぎ,,,,,,,,,,
しゅっせき,,,,,,,,,,
しゅっせする,,,,,,,,,,
しゅっちょう,,,,,,,,,,
しゅにく,,,,,,,,,,
しゅにん,,,,,,,,,,
じゅらい,,,,,,,,,,
しゅんかしゅうとう,,,,,,,,,,
しゅんぎく,,,,,,,,,,
じゅんまいしゅ,,,,,,,,,,
しょうが,,,,,,,,,,
しょうがつ,,,,,,,,,,
しょうがっこう,,,,,,,,,,
しょうぎ,,,,,,,,,,
しょうぎょうしせつ,,,,,,,,,,
しょうじょ,,,,,,,,,,
じょうず,,,,,,,,,,
じょうすいき,,,,,,,,,,
しょうせつか,,,,,,,,,,
しょうちゅう,,,,,,,,,,
しょうねん,,,,,,,,,,
じょうば,,,,,,,,,,
しょうひん,,,,,,,,,,
しょうぼうし,,,,,,,,,,
しょうぼうしょ,,,,,,,,,,
しょうめい,,,,,,,,,,
しょうゆ,,,,,,,,,,
しょうゆさし,,,,,,,,,,
しょうりんじけんぽう,,,,,,,,,,
しょうわ,,,,,,,,,,
しょー,,,,,,,,,,
しょーと,,,,,,,,,,
しょーとかっと,,,,,,,,,,
しょーとけーき,,,,,,,,,,
じょぎんぐ,,,,,,,,,,
しょくいんしつ,,,,,,,,,,
しょくじ,,,,,,,,,,
しょくどう,,,,,,,,,,
しょくぶつ,,,,,,,,,,
じょしばれー,,,,,,,,,,
しょせき,,,,,,,,,,
じょせつしゃ,,,,,,,,,,
しょっき,,,,,,,,,,
しょっく,,,,,,,,,,
しょっぷ,,,,,,,,,,
しょっぷおーなー,,,,,,,,,,
しょどうか,,,,,,,,,,
しょべるかー,,,,,,,,,,
じょりじょり,,,,,,,,,,
しょるだーばっく,,,,,,,,,,
しらが,,,,,,,,,,
しらすどん,,,,,,,,,,
しらたき,,,,,,,,,,
しらたま,,,,,,,,,,
しらべる,,,,,,,,,,
しりーず,,,,,,,,,,
しりょく,,,,,,,,,,
しるえっと,,,,,,,,,,
じるこにうむ,,,,,,,,,,
しるばー,,,,,,,,,,
しれいとう,,,,,,,,,,
しろあと,,,,,,,,,,
しろい,,,,,,,,,,
しろいろ,,,,,,,,,,
しろくま,,,,,,,,,,
しろちょう,,,,,,,,,,
しろめ,,,,,,,,,,
しわしわ,,,,,,,,,,
じん,,,,,,,,,,
しんがー,,,,,,,,,,
しんくうぱっく,,,,,,,,,,
しんくまっと,,,,,,,,,,
しんぐる,,,,,,,,,,
しんぐるす,,,,,,,,,,
しんぐるべっと,,,,,,,,,,
じんじゃ,,,,,,,,,,
じんじゃえーる,,,,,,,,,,
じんじん,,,,,,,,,,
しんせつ,,,,,,,,,,
じんそーだ,,,,,,,,,,
しんたいそう,,,,,,,,,,
しんちょうそくてい,,,,,,,,,,
しんでんず,,,,,,,,,,
じんとにっく,,,,,,,,,,
じんばっく,,,,,,,,,,
しんぱん,,,,,,,,,,
しんぷる,,,,,,,,,,
しんぶんきしゃ,,,,,,,,,,
しんようじゅりん,,,,,,,,,,
じんらいむ,,,,,,,,,,
じんりきしゃ,,,,,,,,,,
じんろうげーむ,,,,,,,,,,
すいーつ,,,,,,,,,,
すいーとぴー,,,,,,,,,,
すいーとぽてと,,,,,,,,,,
すいえい,,,,,,,,,,
すいおんけい,,,,,,,,,,
すいか,,,,,,,,,,
すいきゅう,,,,,,,,,,
すいぎゅう,,,,,,,,,,
すいぎん,,,,,,,,,,
すいこう,,,,,,,,,,
すいせい,,,,,,,,,,
すいせん,,,,,,,,,,
すいそ,,,,,,,,,,
すいぞくかん,,,,,,,,,,
すいそすい,,,,,,,,,,
すいっち,,,,,,,,,,
すいとう,,,,,,,,,,
すいどうすい,,,,,,,,,,
すいとん,,,,,,,,,,
すいとんじる,,,,,,,,,,
すいぶん,,,,,,,,,,
すいみんぐ,,,,,,,,,,
すいようび,,,,,,,,,,
すいれん,,,,,,,,,,
すうぇっと,,,,,,,,,,
すうぇっとぱんつ,,,,,,,,,,
すうがく,,,,,,,,,,
すうじ,,,,,,,,,,
すーつ,,,,,,,,,,
すーつけーす,,,,,,,,,,
すーつじゃけっと,,,,,,,,,,
すーぱー,,,,,,,,,,
すーぱーさぶ,,,,,,,,,,
すーぷ,,,,,,,,,,
すーぷかっぷ,,,,,,,,,,
すーぷかれー,,,,,,,,,,
すかーと,,,,,,,,,,
すかーふ,,,,,,,,,,
すかいだいびんぐ,,,,,,,,,,
ずがこうさく,,,,,,,,,,
すかっしゅ,,,,,,,,,,
すかんく,,,,,,,,,,
すきー,,,,,,,,,,
すきーいた,,,,,,,,,,
ずきずき,,,,,,,,,,
すきる,,,,,,,,,,
すきんへっど,,,,,,,,,,
すくーる,,,,,,,,,,
すくりーん,,,,,,,,,,
すぐれた,,,,,,,,,,
すけーと,,,,,,,,,,
すけーとぼーと,,,,,,,,,,
すけーとぼーど,,,,,,,,,,
すけじゅーる,,,,,,,,,,
すけっち,,,,,,,,,,
すけっちぶっく,,,,,,,,,,
すけぼー,,,,,,,,,,
すごい,,,,,,,,,,
ずこうしつ,,,,,,,,,,
すこし,,,,,,,,,,
すこしだけ,,,,,,,,,,
すこっち,,,,,,,,,,
すし,,,,,,,,,,
すず,,,,,,,,,,
すずき,,,,,,,,,,
すずしい,,,,,,,,,,
すずらん,,,,,,,,,,
すたー,,,,,,,,,,
すたーと,,,,,,,,,,
すたいる,,,,,,,,,,
すたじお,,,,,,,,,,
すたじゃん,,,,,,,,,,
すだち,,,,,,,,,,
すたっふ,,,,,,,,,,
すためん,,,,,,,,,,
すたんど,,,,,,,,,,
すたんとまん,,,,,,,,,,
すたんどらいと,,,,,,,,,,
すちーむ,,,,,,,,,,
すちゅわーです,,,,,,,,,,
ずっきーに,,,,,,,,,,
すっぽん,,,,,,,,,,
すっらっくす,,,,,,,,,,
すてぃっくのり,,,,,,,,,,
すてーき,,,,,,,,,,
すてーじ,,,,,,,,,,
すてーしょんわごん,,,,,,,,,,
すてき,,,,,,,,,,
すてっかー,,,,,,,,,,
すてれお,,,,,,,,,,
すてんれす,,,,,,,,,,
すとーぶ,,,,,,,,,,
すとっきんぐ,,,,,,,,,,
すとっく,,,,,,,,,,
すとっぱー,,,,,,,,,,
すとっぷ,,,,,,,,,,
すとらいき,,,,,,,,,,
すとらてじー,,,,,,,,,,
すとりーと,,,,,,,,,,
すとりーとだんす,,,,,,,,,,
すとれーと,,,,,,,,,,
すとろー,,,,,,,,,,
すとろぼ,,,,,,,,,,
すとろんちうむ,,,,,,,,,,
すなっくばー,,,,,,,,,,
すなどけい,,,,,,,,,,
すにーかー,,,,,,,,,,
すのーぼーど,,,,,,,,,,
すのーもーびる,,,,,,,,,,
すのこ,,,,,,,,,,
すぱい,,,,,,,,,,
すぱいく,,,,,,,,,,
すぱいくさーぶ,,,,,,,,,,
すぱいくしゅーず,,,,,,,,,,
すぱいしーちきん,,,,,,,,,,
すぱかつ,,,,,,,,,,
すぱなー,,,,,,,,,,
すばらしい,,,,,,,,,,
すばらしげ,,,,,,,,,,
すばらしや,,,,,,,,,,
すぴーかー,,,,,,,,,,
すぴーち,,,,,,,,,,
すぴーどすけーと,,,,,,,,,,
すぴんさーぶ,,,,,,,,,,
すぷーん,,,,,,,,,,
ずぶずぶ,,,,,,,,,,
すぷもーに,,,,,,,,,,
すぷりんぐ,,,,,,,,,,
すふれ,,,,,,,,,,
すぺあたいや,,,,,,,,,,
すぺーす,,,,,,,,,,
すぺーすしゃとる,,,,,,,,,,
すべりどめ,,,,,,,,,,
すぽーつ,,,,,,,,,,
すぽーつかー,,,,,,,,,,
すぽーつがり,,,,,,,,,,
すぽーつちゃんばら,,,,,,,,,,
すぽーつどりんく,,,,,,,,,,
すぽっとらいと,,,,,,,,,,
すぽんじけーき,,,,,,,,,,
すまーと,,,,,,,,,,
すまいる,,,,,,,,,,
すまほ,,,,,,,,,,
すみ,,,,,,,,,,
すみれ,,,,,,,,,,
すむ,,,,,,,,,,
すもう,,,,,,,,,,
すらいど,,,,,,,,,,
すりーとっぷ,,,,,,,,,,
すりーばっく,,,,,,,,,,
すりーばんと,,,,,,,,,,
すりこぎ,,,,,,,,,,
すりっぱ,,,,,,,,,,
すりばち,,,,,,,,,,
すりみじる,,,,,,,,,,
するーぱす,,,,,,,,,,
ずるがしこい,,,,,,,,,,
ずるずる,,,,,,,,,,
すろーろりす,,,,,,,,,,
ずわいがに,,,,,,,,,,
ずんだもち,,,,,,,,,,
せいかい,,,,,,,,,,
せいぎ,,,,,,,,,,
せいざ,,,,,,,,,,
せいじん,,,,,,,,,,
せいじんしき,,,,,,,,,,
せいずばん,,,,,,,,,,
せいずぺん,,,,,,,,,,
せいちじゅんれい,,,,,,,,,,
せいちょう,,,,,,,,,,
せいぶつしゃ,,,,,,,,,,
せいまいき,,,,,,,,,,
せいゆう,,,,,,,,,,
ぜいりし,,,,,,,,,,
せいれい,,,,,,,,,,
せーたー,,,,,,,,,,
せーふてぃばんと,,,,,,,,,,
せーる,,,,,,,,,,
せおよぎ,,,,,,,,,,
せかいいさん,,,,,,,,,,
せかいし,,,,,,,,,,
せきさいりょう,,,,,,,,,,
せきゆ,,,,,,,,,,
せきゅりてぃー,,,,,,,,,,
せくしょん,,,,,,,,,,
せしうむ,,,,,,,,,,
せだん,,,,,,,,,,
せったー,,,,,,,,,,
せっちゃくざい,,,,,,,,,,
せっと,,,,,,,,,,
せっとあっぱー,,,,,,,,,,
せっとあっぷ,,,,,,,,,,
せっとぷれー,,,,,,,,,,
せつぶん,,,,,,,,,,
ぜつめつ,,,,,,,,,,
せつやく,,,,,,,,,,
せぱたくろー,,,,,,,,,,
せぷてんばー,,,,,,,,,,
ぜみ,,,,,,,,,,
せみだぶる,,,,,,,,,,
せみだぶるべっと,,,,,,,,,,
せみなー,,,,,,,,,,
せみろんぐ,,,,,,,,,,
せめんと,,,,,,,,,,
ぜりー,,,,,,,,,,
ぜりーびーんず,,,,,,,,,,
せりうむ,,,,,,,,,,
せりふ,,,,,,,,,,
せれくとしょっぷ,,,,,,,,,,
せれもにー,,,,,,,,,,
せれん,,,,,,,,,,
ぜろ,,,,,,,,,,
ぜろとっぷ,,,,,,,,,,
せろはんてーぷ,,,,,,,,,,
せろり,,,,,,,,,,
せんかん,,,,,,,,,,
せんこう,,,,,,,,,,
せんざい,,,,,,,,,,
ぜんざい,,,,,,,,,,
せんしつ,,,,,,,,,,
せんしゃ,,,,,,,,,,
せんしゅ,,,,,,,,,,
せんす,,,,,,,,,,
せんすいかん,,,,,,,,,,
せんたーぱーと,,,,,,,,,,
せんたーらいん,,,,,,,,,,
せんたくいた,,,,,,,,,,
せんたくかご,,,,,,,,,,
せんたくき,,,,,,,,,,
せんたくねっと,,,,,,,,,,
せんたくばさみ,,,,,,,,,,
せんち,,,,,,,,,,
せんちょう,,,,,,,,,,
せんとうき,,,,,,,,,,
せんぬき,,,,,,,,,,
せんび,,,,,,,,,,
せんぷうき,,,,,,,,,,
せんべい,,,,,,,,,,
せんべいじる,,,,,,,,,,
ぜんまい,,,,,,,,,,
せんまいどうし,,,,,,,,,,
せんもん,,,,,,,,,,
せんもんしょく,,,,,,,,,,
せんれいされた,,,,,,,,,,
ぞう,,,,,,,,,,
ぞうきん,,,,,,,,,,
そうこ,,,,,,,,,,
そうごう,,,,,,,,,,
そうごうかくとうぎ,,,,,,,,,,
そうこうきょりけい,,,,,,,,,,
そうこうしゃ,,,,,,,,,,
そうじ,,,,,,,,,,
そうじき,,,,,,,,,,
そうじゅうし,,,,,,,,,,
そうぜつ,,,,,,,,,,
そうだい,,,,,,,,,,
そうだいな,,,,,,,,,,
そうだん,,,,,,,,,,
そうだんやく,,,,,,,,,,
そうちょう,,,,,,,,,,
そうれい,,,,,,,,,,
そーきじる,,,,,,,,,,
そーきそば,,,,,,,,,,
そーす,,,,,,,,,,
そーすかつ,,,,,,,,,,
そーすかつどん,,,,,,,,,,
ぞーんぷれす,,,,,,,,,,
ぞくぞく,,,,,,,,,,
そくどけい,,,,,,,,,,
そだつ,,,,,,,,,,
そつぎょう,,,,,,,,,,
そっくす,,,,,,,,,,
そなえる,,,,,,,,,,
そば,,,,,,,,,,
そばころっけ,,,,,,,,,,
そばずし,,,,,,,,,,
そばちゃ,,,,,,,,,,
そばや,,,,,,,,,,
そばゆ,,,,,,,,,,
そふぁー,,,,,,,,,,
そふぁーかばー,,,,,,,,,,
そふぁべっと,,,,,,,,,,
そふと,,,,,,,,,,
そふとくりーむ,,,,,,,,,,
そふとすぽんじ,,,,,,,,,,
そふとてにす,,,,,,,,,,
そふとぼーる,,,,,,,,,,
そふともひかん,,,,,,,,,,
そぼろ,,,,,,,,,,
そぼろなっとう,,,,,,,,,,
そよそよ,,,,,,,,,,
そらまめ,,,,,,,,,,
そり,,,,,,,,,,
そるてぃーどっく,,,,,,,,,,
そろ,,,,,,,,,,
そろばん,,,,,,,,,,
そわそわ,,,,,,,,,,
たーこいずぶるー,,,,,,,,,,
だーす,,,,,,,,,,
だーつ,,,,,,,,,,
たい,,,,,,,,,,
たいいく,,,,,,,,,,
たいいくかん,,,,,,,,,,
だいえっと,,,,,,,,,,
たいおんけい,,,,,,,,,,
だいがく,,,,,,,,,,
だいがくいも,,,,,,,,,,
だいがくきょうじゅ,,,,,,,,,,
だいこん,,,,,,,,,,
だいしゃ,,,,,,,,,,
たいじゅうけい,,,,,,,,,,
たいじゅうそくてい,,,,,,,,,,
たいしょう,,,,,,,,,,
だいだいいろ,,,,,,,,,,
たいつ,,,,,,,,,,
だいどうげい,,,,,,,,,,
だいどころ,,,,,,,,,,
たいとる,,,,,,,,,,
だいにんぐ,,,,,,,,,,
だいにんぐちぇあ,,,,,,,,,,
だいにんぐてーぶる,,,,,,,,,,
たいねつらっぷ,,,,,,,,,,
たいぷ,,,,,,,,,,
たいふう,,,,,,,,,,
だいふく,,,,,,,,,,
たいぷらいたー,,,,,,,,,,
たいぶれーく,,,,,,,,,,
たいまー,,,,,,,,,,
たいみんぐ,,,,,,,,,,
たいむ,,,,,,,,,,
たいむりー,,,,,,,,,,
たいむりーひっと,,,,,,,,,,
たいや,,,,,,,,,,
だいや,,,,,,,,,,
たいやき,,,,,,,,,,
だいやもんど,,,,,,,,,,
だいやる,,,,,,,,,,
たいよう,,,,,,,,,,
たいる,,,,,,,,,,
だうん,,,,,,,,,,
だうんこーと,,,,,,,,,,
だうんじゃけっと,,,,,,,,,,
だうんべすと,,,,,,,,,,
たおる,,,,,,,,,,
たおるはんがー,,,,,,,,,,
たかい,,,,,,,,,,
だがし,,,,,,,,,,
たかな,,,,,,,,,,
たかまる,,,,,,,,,,
たがやす,,,,,,,,,,
たからくじ,,,,,,,,,,
たきこみごはん,,,,,,,,,,
たく,,,,,,,,,,
たくしー,,,,,,,,,,
たくのみ,,,,,,,,,,
たけぐし,,,,,,,,,,
たけのこ,,,,,,,,,,
たけのこごはん,,,,,,,,,,
たこ,,,,,,,,,,
たこめし,,,,,,,,,,
たこやき,,,,,,,,,,
たこらいす,,,,,,,,,,
たすき,,,,,,,,,,
たすける,,,,,,,,,,
たずなべ,,,,,,,,,,
たたかう,,,,,,,,,,
たちうお,,,,,,,,,,
たっきゅう,,,,,,,,,,
たっきゅうしゅーず,,,,,,,,,,
たっきゅうぼーる,,,,,,,,,,
たっきゅうらけっと,,,,,,,,,,
だっしゅぼーど,,,,,,,,,,
たつたあげ,,,,,,,,,,
たっち,,,,,,,,,,
たっちあうと,,,,,,,,,,
たっちあっぷ,,,,,,,,,,
たっちねっと,,,,,,,,,,
たっぱー,,,,,,,,,,
だっふるこーと,,,,,,,,,,
たてぱす,,,,,,,,,,
たてる,,,,,,,,,,
たてろーる,,,,,,,,,,
たなばた,,,,,,,,,,
たなばたぜりー,,,,,,,,,,
たにんどん,,,,,,,,,,
たぬき,,,,,,,,,,
たのしい,,,,,,,,,,
たのしむ,,,,,,,,,,
たのむ,,,,,,,,,,
だぶる,,,,,,,,,,
だぶるす,,,,,,,,,,
だぶるだっち,,,,,,,,,,
だぶるちーむ,,,,,,,,,,
だぶるどりぶる,,,,,,,,,,
だぶるべっと,,,,,,,,,,
たべる,,,,,,,,,,
だぼだぼ,,,,,,,,,,
たまごすーぷ,,,,,,,,,,
たまごぼーろ,,,,,,,,,,
たまねぎ,,,,,,,,,,
だむ,,,,,,,,,,
たもくてきほーる,,,,,,,,,,
たら,,,,,,,,,,
たらい,,,,,,,,,,
たらこ,,,,,,,,,,
だりあ,,,,,,,,,,
たりうむ,,,,,,,,,,
たると,,,,,,,,,,
だるまさんがころんだ,,,,,,,,,,
だるめしあん,,,,,,,,,,
たれんと,,,,,,,,,,
たろっとうらない,,,,,,,,,,
たわー,,,,,,,,,,
たわし,,,,,,,,,,
たんい,,,,,,,,,,
たんか,,,,,,,,,,
たんかー,,,,,,,,,,
たんきだいがく,,,,,,,,,,
たんきょりそう,,,,,,,,,,
たんぐすてん,,,,,,,,,,
たんくとっぷ,,,,,,,,,,
たんくろーりー,,,,,,,,,,
だんさー,,,,,,,,,,
たんさく,,,,,,,,,,
だんさぶる,,,,,,,,,,
たんさんすい,,,,,,,,,,
だんす,,,,,,,,,,
たんすいかぶつ,,,,,,,,,,
たんそ,,,,,,,,,,
だんたい,,,,,,,,,,
たんたんめん,,,,,,,,,,
たんてい,,,,,,,,,,
たんどりーちきん,,,,,,,,,,
たんにん,,,,,,,,,,
たんぱくしつ,,,,,,,,,,
たんぱつ,,,,,,,,,,
だんぷ,,,,,,,,,,
だんぷかー,,,,,,,,,,
たんぶらー,,,,,,,,,,
だんべる,,,,,,,,,,
たんぼ,,,,,,,,,,
たんぽぽ,,,,,,,,,,
ちいさい,,,,,,,,,,
ちーず,,,,,,,,,,
ちーずくっきー,,,,,,,,,,
ちーずたっかるび,,,,,,,,,,
ちーたー,,,,,,,,,,
ちーむ,,,,,,,,,,
ちーむわーく,,,,,,,,,,
ちぇあまっと,,,,,,,,,,
ちぇす,,,,,,,,,,
ちぇすたーこーと,,,,,,,,,,
ちぇすと,,,,,,,,,,
ちぇっく,,,,,,,,,,
ちぇりー,,,,,,,,,,
ちぇんじ,,,,,,,,,,
ちかてつ,,,,,,,,,,
ちきゅう,,,,,,,,,,
ちきん,,,,,,,,,,
ちきんなんばん,,,,,,,,,,
ちきんらいす,,,,,,,,,,
ちくぜんに,,,,,,,,,,
ちくちく,,,,,,,,,,
ちくわのちーずあげ,,,,,,,,,,
ちたん,,,,,,,,,,
ちぢみ,,,,,,,,,,
ちっそ,,,,,,,,,,
ちっぷ,,,,,,,,,,
ちとせあめ,,,,,,,,,,
ちのぱん,,,,,,,,,,
ちほうしょうひぜい,,,,,,,,,,
ちまき,,,,,,,,,,
ちゃーはん,,,,,,,,,,
ちゃいむ,,,,,,,,,,
ちゃいろ,,,,,,,,,,
ちゃうちゃう,,,,,,,,,,
ちゃくりく,,,,,,,,,,
ちゃのま,,,,,,,,,,
ちゃばたけ,,,,,,,,,,
ちゃぶだい,,,,,,,,,,
ちゃぷちぇ,,,,,,,,,,
ちゃれんじ,,,,,,,,,,
ちゃわんむし,,,,,,,,,,
ちゃんこなべ,,,,,,,,,,
ちゃんす,,,,,,,,,,
ちゃんちゃんやき,,,,,,,,,,
ちゃんねる,,,,,,,,,,
ちゃんばら,,,,,,,,,,
ちゃんぴおん,,,,,,,,,,
ちゅ－はい,,,,,,,,,,
ちゅーいんぐがむ,,,,,,,,,,
ちゅうがっこう,,,,,,,,,,
ちゅうかなべ,,,,,,,,,,
ちゅうかや,,,,,,,,,,
ちゅうきょりそう,,,,,,,,,,
ちゅうごくちゃ,,,,,,,,,,
ちゅうごくぶじゅつ,,,,,,,,,,
ちゅうしゃじょう,,,,,,,,,,
ちゅーずでい,,,,,,,,,,
ちゅーちゅー,,,,,,,,,,
ちゅうもん,,,,,,,,,,
ちゅーりっぷ,,,,,,,,,,
ちゅろす,,,,,,,,,,
ちゅんちゅん,,,,,,,,,,
ちょうかく,,,,,,,,,,
ちょうきょうし,,,,,,,,,,
ちょうきょりそう,,,,,,,,,,
ちょうこくとう,,,,,,,,,,
ちょうさ,,,,,,,,,,
ちょうさかん,,,,,,,,,,
ちょうねくたい,,,,,,,,,,
ちょうみりょう,,,,,,,,,,
ちょうりょく,,,,,,,,,,
ちょーく,,,,,,,,,,
ちょき,,,,,,,,,,
ちょきん,,,,,,,,,,
ちょこ,,,,,,,,,,
ちょこちっぷ,,,,,,,,,,
ちょこばなな,,,,,,,,,,
ちょこれーと,,,,,,,,,,
ちょっと,,,,,,,,,,
ちょろちょろ,,,,,,,,,,
ちり,,,,,,,,,,
ちりとり,,,,,,,,,,
ちわわ,,,,,,,,,,
ちんげんさい,,,,,,,,,,
ちんじゃおろーす,,,,,,,,,,
ちんすこう,,,,,,,,,,
ちんぱんじー,,,,,,,,,,
つあー,,,,,,,,,,
ついんてーる,,,,,,,,,,
つーせったー,,,,,,,,,,
つーとっぷ,,,,,,,,,,
つーばっく,,,,,,,,,,
つーぶろっく,,,,,,,,,,
つーまーく,,,,,,,,,,
つーりんぐ,,,,,,,,,,
つき,,,,,,,,,,
つきのわぐま,,,,,,,,,,
つきみだんご,,,,,,,,,,
つくし,,,,,,,,,,
つくね,,,,,,,,,,
つくる,,,,,,,,,,
つけもの,,,,,,,,,,
つけものいし,,,,,,,,,,
つつじ,,,,,,,,,,
つっぱりぼう,,,,,,,,,,
つなかれーぴらふ,,,,,,,,,,
つなぎ,,,,,,,,,,
つばき,,,,,,,,,,
つぼ,,,,,,,,,,
つまようじ,,,,,,,,,,
つむ,,,,,,,,,,
つめ,,,,,,,,,,
つめたい,,,,,,,,,,
つゆ,,,,,,,,,,
つゆくさ,,,,,,,,,,
つよい,,,,,,,,,,
つり,,,,,,,,,,
つりぼり,,,,,,,,,,
つるばきあ,,,,,,,,,,
つるむらさき,,,,,,,,,,
つわぶき,,,,,,,,,,
でぃーじぇい,,,,,,,,,,
でぃーぜる,,,,,,,,,,
でいじー,,,,,,,,,,
てぃしゃつ,,,,,,,,,,
てぃっしゅ,,,,,,,,,,
てぃっしゅけーす,,,,,,,,,,
てぃっしゅぺーぱー,,,,,,,,,,
でぃっせんばー,,,,,,,,,,
でぃふぇんす,,,,,,,,,,
でぃふぇんだー,,,,,,,,,,
でぃべろっぱー,,,,,,,,,,
てぃらみす,,,,,,,,,,
てうちそば,,,,,,,,,,
でーた,,,,,,,,,,
でーたまいにんぐ,,,,,,,,,,
でーと,,,,,,,,,,
てーぷ,,,,,,,,,,
てーぷのり,,,,,,,,,,
てーぶる,,,,,,,,,,
てーぶるくろす,,,,,,,,,,
てーぶるらんぷ,,,,,,,,,,
てーぷれこーだー,,,,,,,,,,
てーま,,,,,,,,,,
てーまぱーく,,,,,,,,,,
てーるらんぷ,,,,,,,,,,
てがみ,,,,,,,,,,
てきーら,,,,,,,,,,
てきさすひっと,,,,,,,,,,
てきすと,,,,,,,,,,
てくにっく,,,,,,,,,,
てくのかっと,,,,,,,,,,
てくのろじー,,,,,,,,,,
でこぼこ,,,,,,,,,,
でこれーしょん,,,,,,,,,,
てこんどー,,,,,,,,,,
でざーと,,,,,,,,,,
でざいなー,,,,,,,,,,
でざいん,,,,,,,,,,
でし,,,,,,,,,,
でしべる,,,,,,,,,,
ですく,,,,,,,,,,
ですくらいと,,,,,,,,,,
てすと,,,,,,,,,,
てすら,,,,,,,,,,
てそう,,,,,,,,,,
てちょう,,,,,,,,,,
てつ,,,,,,,,,,
でっき,,,,,,,,,,
でっきぶらし,,,,,,,,,,
てっきん,,,,,,,,,,
でっさん,,,,,,,,,,
てつどう,,,,,,,,,,
でっとぼーる,,,,,,,,,,
てつなぎおに,,,,,,,,,,
てつぶん,,,,,,,,,,
てながざる,,,,,,,,,,
てにす,,,,,,,,,,
てにすうぇあ,,,,,,,,,,
てにすこーと,,,,,,,,,,
てにすしゅーず,,,,,,,,,,
てにすぼーる,,,,,,,,,,
てにすらけっと,,,,,,,,,,
でにむ,,,,,,,,,,
でにむじゃけっと,,,,,,,,,,
でにむすかーと,,,,,,,,,,
でにむぱんつ,,,,,,,,,,
てにもつ,,,,,,,,,,
てぬぐい,,,,,,,,,,
てねしー,,,,,,,,,,
でぱーと,,,,,,,,,,
てばさき,,,,,,,,,,
でばぼうちょう,,,,,,,,,,
てぶくろ,,,,,,,,,,
てら,,,,,,,,,,
てらす,,,,,,,,,,
てれび,,,,,,,,,,
てれびまん,,,,,,,,,,
てれる,,,,,,,,,,
てんかぷらぐ,,,,,,,,,,
てんき,,,,,,,,,,
でんきじどうしゃ,,,,,,,,,,
でんきぽっと,,,,,,,,,,
でんきまっさーじ,,,,,,,,,,
でんきもうふ,,,,,,,,,,
でんきゅう,,,,,,,,,,
てんきよほう,,,,,,,,,,
てんし,,,,,,,,,,
でんしどらむ,,,,,,,,,,
てんしのわ,,,,,,,,,,
でんしぴあの,,,,,,,,,,
でんしれんじ,,,,,,,,,,
でんせつ,,,,,,,,,,
てんたいかんそく,,,,,,,,,,
でんたく,,,,,,,,,,
でんでんむし,,,,,,,,,,
てんと,,,,,,,,,,
でんどうはぶらし,,,,,,,,,,
てんとうむし,,,,,,,,,,
てんどん,,,,,,,,,,
てんねんすい,,,,,,,,,,
てんのうせい,,,,,,,,,,
でんぱとう,,,,,,,,,,
てんびんざ,,,,,,,,,,
てんぽ,,,,,,,,,,
てんぼうだい,,,,,,,,,,
でんわ,,,,,,,,,,
どあ,,,,,,,,,,
といぷーどる,,,,,,,,,,
といれ,,,,,,,,,,
といれすりっぱ,,,,,,,,,,
どう,,,,,,,,,,
とうがらし,,,,,,,,,,
どうぎ,,,,,,,,,,
とうさん,,,,,,,,,,
とうじ,,,,,,,,,,
とうじょう,,,,,,,,,,
どうせい,,,,,,,,,,
とうだい,,,,,,,,,,
どうどうたる,,,,,,,,,,
どうとく,,,,,,,,,,
とうにゅう,,,,,,,,,,
とうにゅうすーぷ,,,,,,,,,,
どうぶつ,,,,,,,,,,
どうぶつえん,,,,,,,,,,
とうみょう,,,,,,,,,,
とうもろこし,,,,,,,,,,
どうわ,,,,,,,,,,
とーきっく,,,,,,,,,,
とーすたー,,,,,,,,,,
とーとばっく,,,,,,,,,,
どーなつ,,,,,,,,,,
どーべるまん,,,,,,,,,,
とーん,,,,,,,,,,
とかい,,,,,,,,,,
どきどき,,,,,,,,,,
ときめき,,,,,,,,,,
どくしょ,,,,,,,,,,
とげとげ,,,,,,,,,,
とこや,,,,,,,,,,
ところてん,,,,,,,,,,
とさけん,,,,,,,,,,
とざん,,,,,,,,,,
としこし,,,,,,,,,,
どじょう,,,,,,,,,,
としょかん,,,,,,,,,,
どせい,,,,,,,,,,
とっきゅうれっしゃ,,,,,,,,,,
とっくり,,,,,,,,,,
どっちぼーる,,,,,,,,,,
どっと,,,,,,,,,,
とっぷ,,,,,,,,,,
となかい,,,,,,,,,,
どなべ,,,,,,,,,,
とにっくうぉーたー,,,,,,,,,,
とのさまばった,,,,,,,,,,
どばどば,,,,,,,,,,
とびうお,,,,,,,,,,
とぶ,,,,,,,,,,
どぶろく,,,,,,,,,,
とまと,,,,,,,,,,
とまとさらだ,,,,,,,,,,
とまとじゅーす,,,,,,,,,,
とまとすーぷ,,,,,,,,,,
とまる,,,,,,,,,,
ともだち,,,,,,,,,,
どようび,,,,,,,,,,
とら,,,,,,,,,,
どらい,,,,,,,,,,
とらいあすろん,,,,,,,,,,
どらいしーと,,,,,,,,,,
どらいばー,,,,,,,,,,
どらいぶ,,,,,,,,,,
どらいぶいん,,,,,,,,,,
どらいやー,,,,,,,,,,
とらくたー,,,,,,,,,,
とらっく,,,,,,,,,,
どらっくすとあ,,,,,,,,,,
とらっぷ,,,,,,,,,,
とらぶる,,,,,,,,,,
どらま,,,,,,,,,,
どらまー,,,,,,,,,,
どらまかんしょう,,,,,,,,,,
どらむ,,,,,,,,,,
どらむばっく,,,,,,,,,,
どらやき,,,,,,,,,,
とらんく,,,,,,,,,,
とらんじすたー,,,,,,,,,,
とらんぷ,,,,,,,,,,
とらんぺったー,,,,,,,,,,
とらんぺっと,,,,,,,,,,
とらんぽりん,,,,,,,,,,
どりーむ,,,,,,,,,,
とりうむ,,,,,,,,,,
とりだんご,,,,,,,,,,
どりっぱー,,,,,,,,,,
とりてん,,,,,,,,,,
とりにく,,,,,,,,,,
とりのからあげ,,,,,,,,,,
どりぶる,,,,,,,,,,
とりまー,,,,,,,,,,
とりゅふ,,,,,,,,,,
どりる,,,,,,,,,,
どりんく,,,,,,,,,,
どる,,,,,,,,,,
とるここーひー,,,,,,,,,,
とれー,,,,,,,,,,
とれーにんぐ,,,,,,,,,,
とれーらー,,,,,,,,,,
どれす,,,,,,,,,,
どれすしゅーず,,,,,,,,,,
どれっさー,,,,,,,,,,
どれっど,,,,,,,,,,
とれんちこーと,,,,,,,,,,
どろっぷ,,,,,,,,,,
とろとろ,,,,,,,,,,
どろどろ,,,,,,,,,,
とろぴかる,,,,,,,,,,
とろんぼーん,,,,,,,,,,
とん,,,,,,,,,,
とんかつ,,,,,,,,,,
とんぐ,,,,,,,,,,
とんじる,,,,,,,,,,
とんとん,,,,,,,,,,
どんどん,,,,,,,,,,
どんどんやき,,,,,,,,,,
とんねる,,,,,,,,,,
どんぶり,,,,,,,,,,
とんぼ,,,,,,,,,,
ないしょ,,,,,,,,,,
ないたー,,,,,,,,,,
ないふ,,,,,,,,,,
ないろん,,,,,,,,,,
ないろんじゃけっと,,,,,,,,,,
ながい,,,,,,,,,,
ながぐつ,,,,,,,,,,
ながざいふ,,,,,,,,,,
ながねぎ,,,,,,,,,,
なかゆび,,,,,,,,,,
なぎ,,,,,,,,,,
なぎなた,,,,,,,,,,
なく,,,,,,,,,,
なし,,,,,,,,,,
なす,,,,,,,,,,
なずな,,,,,,,,,,
なすのみそしる,,,,,,,,,,
なすび,,,,,,,,,,
なだかい,,,,,,,,,,
なつ,,,,,,,,,,
なっとう,,,,,,,,,,
なっとうじる,,,,,,,,,,
なつまつり,,,,,,,,,,
なつみかん,,,,,,,,,,
なつやさいかれー,,,,,,,,,,
なつやすみ,,,,,,,,,,
なでしこ,,,,,,,,,,
なとりうむ,,,,,,,,,,
なながつ,,,,,,,,,,
なの,,,,,,,,,,
なぷきん,,,,,,,,,,
なべ,,,,,,,,,,
なべやきうどん,,,,,,,,,,
なまけもの,,,,,,,,,,
なまこ,,,,,,,,,,
なまり,,,,,,,,,,
なみだ,,,,,,,,,,
なみなみ,,,,,,,,,,
なみのり,,,,,,,,,,
なめこ,,,,,,,,,,
なめこじる,,,,,,,,,,
なめろう,,,,,,,,,,
ならじだい,,,,,,,,,,
なれーたー,,,,,,,,,,
なわとび,,,,,,,,,,
なん,,,,,,,,,,
なんきょく,,,,,,,,,,
なんしきやきゅう,,,,,,,,,,
なんすい,,,,,,,,,,
なんせんす,,,,,,,,,,
なんどいろ,,,,,,,,,,
なんばー,,,,,,,,,,
なんばーぷれーと,,,,,,,,,,
にーず,,,,,,,,,,
にがおえ,,,,,,,,,,
にがつ,,,,,,,,,,
にぎやか,,,,,,,,,,
にくじゃが,,,,,,,,,,
にくだんご,,,,,,,,,,
にしん,,,,,,,,,,
にしんそば,,,,,,,,,,
にしんづけ,,,,,,,,,,
にだんべっと,,,,,,,,,,
にちにちそう,,,,,,,,,,
にちようび,,,,,,,,,,
にっける,,,,,,,,,,
にっこり,,,,,,,,,,
にっと,,,,,,,,,,
にほんあなぐま,,,,,,,,,,
にほんいのしし,,,,,,,,,,
にほんざる,,,,,,,,,,
にほんしゅ,,,,,,,,,,
にほんすいせん,,,,,,,,,,
にもの,,,,,,,,,,
にやり,,,,,,,,,,
にゅあんす,,,,,,,,,,
にゅー,,,,,,,,,,
にゅうえんしき,,,,,,,,,,
にゅうがくしき,,,,,,,,,,
にゅーす,,,,,,,,,,
にゅーすきゃすたー,,,,,,,,,,
にゅーとん,,,,,,,,,,
にゅうよくざい,,,,,,,,,,
にら,,,,,,,,,,
にらめっこ,,,,,,,,,,
にんぎょ,,,,,,,,,,
にんぎょうやき,,,,,,,,,,
にんじゅつ,,,,,,,,,,
にんじん,,,,,,,,,,
にんにく,,,,,,,,,,
ねいる,,,,,,,,,,
ねおん,,,,,,,,,,
ねぎ,,,,,,,,,,
ねぐせ,,,,,,,,,,
ねくたい,,,,,,,,,,
ねくたいぴん,,,,,,,,,,
ねこ,,,,,,,,,,
ねこかふぇ,,,,,,,,,,
ねずみ,,,,,,,,,,
ねずみいろ,,,,,,,,,,
ねっくうぉーまー,,,,,,,,,,
ねっくれす,,,,,,,,,,
ねったいぎょ,,,,,,,,,,
ねっと,,,,,,,,,,
ねっといん,,,,,,,,,,
ねっとわーく,,,,,,,,,,
ねむい,,,,,,,,,,
ねむる,,,,,,,,,,
ねる,,,,,,,,,,
ねんりょう,,,,,,,,,,
ねんりょうでんち,,,,,,,,,,
のうか,,,,,,,,,,
のうみそ,,,,,,,,,,
のーこん,,,,,,,,,,
のーと,,,,,,,,,,
のーひっと,,,,,,,,,,
のーらん,,,,,,,,,,
のーるっくぱす,,,,,,,,,,
のっく,,,,,,,,,,
のど,,,,,,,,,,
のどぐろ,,,,,,,,,,
のどぼとけ,,,,,,,,,,
のべんばー,,,,,,,,,,
のみもの,,,,,,,,,,
のみや,,,,,,,,,,
のむ,,,,,,,,,,
のりかえ,,,,,,,,,,
のりまき,,,,,,,,,,
のりもの,,,,,,,,,,
のる,,,,,,,,,,
のんあるこーる,,,,,,,,,,
ばー,,,,,,,,,,
ぱーかー,,,,,,,,,,
ぱーせんと,,,,,,,,,,
ぱーてぃー,,,,,,,,,,
はーと,,,,,,,,,,
ぱーと,,,,,,,,,,
はーどる,,,,,,,,,,
はーぶ,,,,,,,,,,
はーふあっぷ,,,,,,,,,,
ぱーふぇくと,,,,,,,,,,
はーぶてぃー,,,,,,,,,,
はーふぼれー,,,,,,,,,,
ばーぼん,,,,,,,,,,
ぱーま,,,,,,,,,,
はーもにか,,,,,,,,,,
はいえな,,,,,,,,,,
はいおく,,,,,,,,,,
ばいおりん,,,,,,,,,,
はいきがす,,,,,,,,,,
はいきのう,,,,,,,,,,
はいきんぐ,,,,,,,,,,
ばいきんぐ,,,,,,,,,,
はいく,,,,,,,,,,
はいこーら,,,,,,,,,,
はいざら,,,,,,,,,,
はいじんじゃー,,,,,,,,,,
はいたー,,,,,,,,,,
はいたつ,,,,,,,,,,
はいたっち,,,,,,,,,,
ばいと,,,,,,,,,,
ぱいなっぷる,,,,,,,,,,
ばいばい,,,,,,,,,,
はいびすかす,,,,,,,,,,
ぱいぷ,,,,,,,,,,
はいふぁっしょん,,,,,,,,,,
はいぶりっとかー,,,,,,,,,,
はいぼーる,,,,,,,,,,
はいゆう,,,,,,,,,,
ぱいろっと,,,,,,,,,,
ばいんだー,,,,,,,,,,
ばうむくーへん,,,,,,,,,,
ぱうんどけーき,,,,,,,,,,
はえ,,,,,,,,,,
はぎ,,,,,,,,,,
ばきばき,,,,,,,,,,
ばく,,,,,,,,,,
ぱぐ,,,,,,,,,,
はくさい,,,,,,,,,,
ぱくちー,,,,,,,,,,
はくちょうざ,,,,,,,,,,
ばくばく,,,,,,,,,,
はくびしん,,,,,,,,,,
はくぶつかん,,,,,,,,,,
ばけつ,,,,,,,,,,
はこ,,,,,,,,,,
はさまる,,,,,,,,,,
はさみ,,,,,,,,,,
はし,,,,,,,,,,
はしおき,,,,,,,,,,
はしご,,,,,,,,,,
はしばこ,,,,,,,,,,
ぱじゃま,,,,,,,,,,
ばしょ,,,,,,,,,,
はしりたかとび,,,,,,,,,,
はしりはばとび,,,,,,,,,,
はしる,,,,,,,,,,
ばじる,,,,,,,,,,
はす,,,,,,,,,,
ばす,,,,,,,,,,
ぱす,,,,,,,,,,
ぱすかる,,,,,,,,,,
ばすけ,,,,,,,,,,
ぱすけーす,,,,,,,,,,
ばすけっと,,,,,,,,,,
ばすけっとごーる,,,,,,,,,,
ばすけっとぼーる,,,,,,,,,,
ぱすた,,,,,,,,,,
ばすたー,,,,,,,,,,
ばすたおる,,,,,,,,,,
ばすたぶ,,,,,,,,,,
ばすてい,,,,,,,,,,
ぱすてる,,,,,,,,,,
ばすどらむ,,,,,,,,,,
ぱすぽーと,,,,,,,,,,
ぱすぼーる,,,,,,,,,,
ばすまっと,,,,,,,,,,
ぱすわーど,,,,,,,,,,
ぱせり,,,,,,,,,,
ぱそこん,,,,,,,,,,
ぱそこんげーむ,,,,,,,,,,
ぱそこんしつ,,,,,,,,,,
ばたー,,,,,,,,,,
ぱたー,,,,,,,,,,
ばたーないふ,,,,,,,,,,
ぱたーん,,,,,,,,,,
はたけ,,,,,,,,,,
ばたふらい,,,,,,,,,,
はちがつ,,,,,,,,,,
ばっく,,,,,,,,,,
ばっくぱす,,,,,,,,,,
ばっくぱっく,,,,,,,,,,
ばっくらいと,,,,,,,,,,
ばっじ,,,,,,,,,,
はっしゅきょうぎ,,,,,,,,,,
ぱっつん,,,,,,,,,,
ばってりー,,,,,,,,,,
ばってりーえき,,,,,,,,,,
はつでんき,,,,,,,,,,
はつでんしょ,,,,,,,,,,
はっと,,,,,,,,,,
ばっと,,,,,,,,,,
はっぴー,,,,,,,,,,
はっぴょう,,,,,,,,,,
ばっふぁろー,,,,,,,,,,
はっぽうさい,,,,,,,,,,
はっぽうしゅ,,,,,,,,,,
ぱとかー,,,,,,,,,,
ばとみんとん,,,,,,,,,,
ばとん,,,,,,,,,,
はな,,,,,,,,,,
はないちもんめ,,,,,,,,,,
はなうらない,,,,,,,,,,
はなかいどう,,,,,,,,,,
ばなじうむ,,,,,,,,,,
はなす,,,,,,,,,,
ばなな,,,,,,,,,,
はなばなしい,,,,,,,,,,
はなび,,,,,,,,,,
はなまつり,,,,,,,,,,
はなみずき,,,,,,,,,,
はにーとーすと,,,,,,,,,,
ばにら,,,,,,,,,,
はねぺん,,,,,,,,,,
ぱぱ,,,,,,,,,,
ばばろあ,,,,,,,,,,
ぱぴよん,,,,,,,,,,
ぱふぇ,,,,,,,,,,
はぶらし,,,,,,,,,,
ぱぷりか,,,,,,,,,,
ばぶる,,,,,,,,,,
はまき,,,,,,,,,,
はまべ,,,,,,,,,,
はみがき,,,,,,,,,,
はむすたー,,,,,,,,,,
はむちーず,,,,,,,,,,
はやい,,,,,,,,,,
はやりしょく,,,,,,,,,,
ばら,,,,,,,,,,
ぱらぐらいだー,,,,,,,,,,
はらこめし,,,,,,,,,,
ぱらじうむ,,,,,,,,,,
はらはら,,,,,,,,,,
ぱらぱら,,,,,,,,,,
ばらやき,,,,,,,,,,
ばらんす,,,,,,,,,,
ばりうむ,,,,,,,,,,
はりけーん,,,,,,,,,,
ぱるくーる,,,,,,,,,,
はるさめ,,,,,,,,,,
はるさめさらだ,,,,,,,,,,
はるさめすーぷ,,,,,,,,,,
はれ,,,,,,,,,,
ばれえしゅーず,,,,,,,,,,
ばれーぼーる,,,,,,,,,,
ぱれっと,,,,,,,,,,
ばれんたいん,,,,,,,,,,
ばれんたいんでー,,,,,,,,,,
はろうぃん,,,,,,,,,,
はろん,,,,,,,,,,
ばん,,,,,,,,,,
ぱん,,,,,,,,,,
はんがー,,,,,,,,,,
ばんかー,,,,,,,,,,
はんがーらっく,,,,,,,,,,
はんかち,,,,,,,,,,
ぱんく,,,,,,,,,,
ぱんくけい,,,,,,,,,,
はんぐらいだー,,,,,,,,,,
はんさむ,,,,,,,,,,
ぱんじー,,,,,,,,,,
ばんじーじゃんぷ,,,,,,,,,,
ぱんだ,,,,,,,,,,
ばんだな,,,,,,,,,,
ぱんち,,,,,,,,,,
ぱんちぱーま,,,,,,,,,,
はんちょう,,,,,,,,,,
はんちんぐ,,,,,,,,,,
ぱんちんぐぼーる,,,,,,,,,,
はんどたおる,,,,,,,,,,
はんどばっく,,,,,,,,,,
はんどばっぐ,,,,,,,,,,
はんどぼーる,,,,,,,,,,
はんどる,,,,,,,,,,
ばんぱー,,,,,,,,,,
はんばーがー,,,,,,,,,,
はんばーぐ,,,,,,,,,,
ばんばんじー,,,,,,,,,,
ぱんぷきん,,,,,,,,,,
ぱんぷきんぜりー,,,,,,,,,,
ぱんふれっと,,,,,,,,,,
はんまー,,,,,,,,,,
はんまーなげ,,,,,,,,,,
ひあしんす,,,,,,,,,,
ぴあにすと,,,,,,,,,,
ぴあの,,,,,,,,,,
ぴーす,,,,,,,,,,
びーち,,,,,,,,,,
ぴーちうーろん,,,,,,,,,,
ぴーなっつ,,,,,,,,,,
びーばー,,,,,,,,,,
びーふしちゅー,,,,,,,,,,
びーふすてーき,,,,,,,,,,
びーふん,,,,,,,,,,
ぴーまん,,,,,,,,,,
ぴーらー,,,,,,,,,,
びーる,,,,,,,,,,
ひーるきっく,,,,,,,,,,
ひーるぱす,,,,,,,,,,
ひがんばな,,,,,,,,,,
ひきだし,,,,,,,,,,
ぴくせる,,,,,,,,,,
ぴくにっく,,,,,,,,,,
ひぐま,,,,,,,,,,
ひぐらし,,,,,,,,,,
ひげ,,,,,,,,,,
ぴこ,,,,,,,,,,
ひこうき,,,,,,,,,,
ひこうせん,,,,,,,,,,
ぴざかったー,,,,,,,,,,
ぴざとーすと,,,,,,,,,,
ぴざまん,,,,,,,,,,
ひじき,,,,,,,,,,
ひじきごはん,,,,,,,,,,
びじねす,,,,,,,,,,
びじねすしゃつ,,,,,,,,,,
びじねすちゃんす,,,,,,,,,,
びじねすぱーそん,,,,,,,,,,
びじねすばっく,,,,,,,,,,
びじねすぷらん,,,,,,,,,,
びじねすぷろせす,,,,,,,,,,
びじねすもでる,,,,,,,,,,
びじゅつ,,,,,,,,,,
びじゅつすたっふ,,,,,,,,,,
ひしょ,,,,,,,,,,
ひじょうしょく,,,,,,,,,,
びしょびしょ,,,,,,,,,,
びすけっと,,,,,,,,,,
ひそ,,,,,,,,,,
びたみんいー,,,,,,,,,,
びたみんえー,,,,,,,,,,
びたみんしー,,,,,,,,,,
びたみんでぃー,,,,,,,,,,
びたみんびー,,,,,,,,,,
ひだりあし,,,,,,,,,,
ひだりうで,,,,,,,,,,
ひだりて,,,,,,,,,,
ぴちぴち,,,,,,,,,,
びっくり,,,,,,,,,,
ぴっける,,,,,,,,,,
ぴっころ,,,,,,,,,,
ひつじ,,,,,,,,,,
ひっちはいく,,,,,,,,,,
ぴっちゃー,,,,,,,,,,
ぴっちんぐましーん,,,,,,,,,,
びっと,,,,,,,,,,
ひっぱりうどん,,,,,,,,,,
ひっぷほっぷけい,,,,,,,,,,
ひつまぶし,,,,,,,,,,
びでお,,,,,,,,,,
ひなまつり,,,,,,,,,,
ひなまんじゅう,,,,,,,,,,
びにーる,,,,,,,,,,
ひので,,,,,,,,,,
ひばな,,,,,,,,,,
ひまわり,,,,,,,,,,
ひめかっと,,,,,,,,,,
ひめかぶと,,,,,,,,,,
ひもかわうどん,,,,,,,,,,
ひゃくにちそう,,,,,,,,,,
ひやしちゅうか,,,,,,,,,,
ひややっこ,,,,,,,,,,
ひょう,,,,,,,,,,
びょういん,,,,,,,,,,
びよういん,,,,,,,,,,
びようしつ,,,,,,,,,,
ひょうしょう,,,,,,,,,,
ひょうはくざい,,,,,,,,,,
ぴよぴよ,,,,,,,,,,
ひょろひょろ,,,,,,,,,,
ひらおよぎ,,,,,,,,,,
ぴらふ,,,,,,,,,,
ひらめ,,,,,,,,,,
ひりひり,,,,,,,,,,
びりやーど,,,,,,,,,,
びる,,,,,,,,,,
びるでぃんぐ,,,,,,,,,,
びれい,,,,,,,,,,
ひろめる,,,,,,,,,,
ぴろりきんけんさ,,,,,,,,,,
びわ,,,,,,,,,,
びん,,,,,,,,,,
ぴん,,,,,,,,,,
ぴんせっと,,,,,,,,,,
ひんと,,,,,,,,,,
ひんやり,,,,,,,,,,
ふぁーすとみっと,,,,,,,,,,
ふぁーるかっぷ,,,,,,,,,,
ふぁいと,,,,,,,,,,
ふぁいぶばっく,,,,,,,,,,
ふぁいる,,,,,,,,,,
ふぁじーねーぶる,,,,,,,,,,
ふぁすなー,,,,,,,,,,
ふぁっしょん,,,,,,,,,,
ふぁん,,,,,,,,,,
ふぁんたじー,,,,,,,,,,
ふぁんたじすた,,,,,,,,,,
ふぁんべると,,,,,,,,,,
ふぃぎゅあすけーと,,,,,,,,,,
ふぃるたー,,,,,,,,,,
ふぃるむ,,,,,,,,,,
ふぃんすいみんぐ,,,,,,,,,,
ふうしゃ,,,,,,,,,,
ぶーつ,,,,,,,,,,
ふうとう,,,,,,,,,,
ぶーむ,,,,,,,,,,
ぶーめらん,,,,,,,,,,
ぷーる,,,,,,,,,,
ふぇいすたおる,,,,,,,,,,
ふぇいんと,,,,,,,,,,
ふぇぶらりー,,,,,,,,,,
ふぇりー,,,,,,,,,,
ふぇんしんぐ,,,,,,,,,,
ふぉあぼーる,,,,,,,,,,
ふぉーく,,,,,,,,,,
ふぉーくだんす,,,,,,,,,,
ふぉーくりふと,,,,,,,,,,
ふぉーばっく,,,,,,,,,,
ふぉーまる,,,,,,,,,,
ふぉーむ,,,,,,,,,,
ふぉーる,,,,,,,,,,
ふぉわーど,,,,,,,,,,
ぶかぶか,,,,,,,,,,
ぷかぷか,,,,,,,,,,
ふかみどり,,,,,,,,,,
ふき,,,,,,,,,,
ふきのとう,,,,,,,,,,
ふきん,,,,,,,,,,
ふぐ,,,,,,,,,,
ふくえんちょう,,,,,,,,,,
ふくしゃちょう,,,,,,,,,,
ふくそうじゅうし,,,,,,,,,,
ぶざー,,,,,,,,,,
ふじ,,,,,,,,,,
ふせん,,,,,,,,,,
ふたござ,,,,,,,,,,
ふたつおりさいふ,,,,,,,,,,
ぶたにく,,,,,,,,,,
ふたば,,,,,,,,,,
ぷちとまと,,,,,,,,,,
ぶちょう,,,,,,,,,,
ふつうれっしゃ,,,,,,,,,,
ぶっくすたんど,,,,,,,,,,
ふっそ,,,,,,,,,,
ふっとさる,,,,,,,,,,
ぶつぶつ,,,,,,,,,,
ぶつり,,,,,,,,,,
ぶつりがくしゃ,,,,,,,,,,
ふで,,,,,,,,,,
ふとい,,,,,,,,,,
ぶどう,,,,,,,,,,
ぶどうがり,,,,,,,,,,
ぶどうじゅーす,,,,,,,,,,
ふともも,,,,,,,,,,
ふとる,,,,,,,,,,
ふとん,,,,,,,,,,
ふとんかばー,,,,,,,,,,
ふとんたたき,,,,,,,,,,
ぶなしめじ,,,,,,,,,,
ふね,,,,,,,,,,
ふゆ,,,,,,,,,,
ふゆやさいかれー,,,,,,,,,,
ふらいがえし,,,,,,,,,,
ふらいでい,,,,,,,,,,
ぶらいと,,,,,,,,,,
ぷらいど,,,,,,,,,,
ふらいぱん,,,,,,,,,,
ぷらいべーと,,,,,,,,,,
ぶらいんど,,,,,,,,,,
ぶらうす,,,,,,,,,,
ぷらぐ,,,,,,,,,,
ぶらし,,,,,,,,,,
ぷらす,,,,,,,,,,
ぷらすちっく,,,,,,,,,,
ぷらっとふぉーむ,,,,,,,,,,
ふらめんこ,,,,,,,,,,
ぷらもでる,,,,,,,,,,
ふらわー,,,,,,,,,,
ぷらん,,,,,,,,,,
ぶらんけっと,,,,,,,,,,
ぶらんでー,,,,,,,,,,
ぶらんど,,,,,,,,,,
ぶり,,,,,,,,,,
ふりー,,,,,,,,,,
ぶりーち,,,,,,,,,,
ぶりだいこん,,,,,,,,,,
ぷりんと,,,,,,,,,,
ふるい,,,,,,,,,,
ぶるー,,,,,,,,,,
ふるーつぜりー,,,,,,,,,,
ふるーつないふ,,,,,,,,,,
ふるーつばすけっと,,,,,,,,,,
ふるーつぽんち,,,,,,,,,,
ふるーと,,,,,,,,,,
ぶるーべりー,,,,,,,,,,
ふるえる,,,,,,,,,,
ふるぎ,,,,,,,,,,
ぶるぞん,,,,,,,,,,
ぶるどーざー,,,,,,,,,,
ぶるどっく,,,,,,,,,,
ぷるとにうむ,,,,,,,,,,
ふるべーす,,,,,,,,,,
ぶれいくだんす,,,,,,,,,,
ぶれーき,,,,,,,,,,
ぷれーと,,,,,,,,,,
ぷれぜんと,,,,,,,,,,
ふれっしゅ,,,,,,,,,,
ぶれんどちゃ,,,,,,,,,,
ぷろ,,,,,,,,,,
ふろあ,,,,,,,,,,
ふろあまっと,,,,,,,,,,
ぶろーち,,,,,,,,,,
ぷろぐらまー,,,,,,,,,,
ぷろぐらみんぐ,,,,,,,,,,
ぷろぐらむ,,,,,,,,,,
ぷろじぇくと,,,,,,,,,,
ぶろっこりー,,,,,,,,,,
ぷろもーしょん,,,,,,,,,,
ぶろんず,,,,,,,,,,
ふろんと,,,,,,,,,,
ふろんとがらす,,,,,,,,,,
ふわふわ,,,,,,,,,,
ぶんぐ,,,,,,,,,,
ぶんこぼん,,,,,,,,,,
ぶんぶん,,,,,,,,,,
ぶんぼうぐ,,,,,,,,,,
ぺあ,,,,,,,,,,
へあかっと,,,,,,,,,,
へあくりっぷ,,,,,,,,,,
へあごむ,,,,,,,,,,
へあばんど,,,,,,,,,,
へあぴん,,,,,,,,,,
へいあんじだい,,,,,,,,,,
へいせい,,,,,,,,,,
へいほうめーとる,,,,,,,,,,
へいわ,,,,,,,,,,
ぺーじ,,,,,,,,,,
ぺーぱーたおる,,,,,,,,,,
ぺーぱーほるだー,,,,,,,,,,
ぺがさす,,,,,,,,,,
ぺがさすざ,,,,,,,,,,
べすと,,,,,,,,,,
べすとせらー,,,,,,,,,,
べっと,,,,,,,,,,
ぺっと,,,,,,,,,,
べっとかばー,,,,,,,,,,
へっとぎあ,,,,,,,,,,
へでぃんぐ,,,,,,,,,,
べてらん,,,,,,,,,,
べにいろ,,,,,,,,,,
べにさけ,,,,,,,,,,
べにばな,,,,,,,,,,
ぺぱーみんと,,,,,,,,,,
べびー,,,,,,,,,,
べびーかー,,,,,,,,,,
べびーちぇあ,,,,,,,,,,
へらくれす,,,,,,,,,,
へらへら,,,,,,,,,,
べらんだ,,,,,,,,,,
べりー,,,,,,,,,,
ぺりー,,,,,,,,,,
べりーしょーと,,,,,,,,,,
へりうむ,,,,,,,,,,
へりこぷたー,,,,,,,,,,
べりりうむ,,,,,,,,,,
べる,,,,,,,,,,
へるくれすざ,,,,,,,,,,
へるしー,,,,,,,,,,
ぺるしゃ,,,,,,,,,,
ぺるせうすざ,,,,,,,,,,
へるつ,,,,,,,,,,
べると,,,,,,,,,,
へるめっと,,,,,,,,,,
べれーぼう,,,,,,,,,,
べろ,,,,,,,,,,
ぺん,,,,,,,,,,
ぺんき,,,,,,,,,,
べんきょう,,,,,,,,,,
ぺんけーす,,,,,,,,,,
べんごし,,,,,,,,,,
へんじ,,,,,,,,,,
へんしゅう,,,,,,,,,,
へんそう,,,,,,,,,,
べんだー,,,,,,,,,,
ぺんだんと,,,,,,,,,,
べんち,,,,,,,,,,
べんとう,,,,,,,,,,
べんとうばこ,,,,,,,,,,
ぺんぺん,,,,,,,,,,
べんり,,,,,,,,,,
ほいーる,,,,,,,,,,
ほいこーろー,,,,,,,,,,
ぽいんと,,,,,,,,,,
ぽいんとがーど,,,,,,,,,,
ほういじしゃく,,,,,,,,,,
ほうがん,,,,,,,,,,
ほうがんなげ,,,,,,,,,,
ほうがんようし,,,,,,,,,,
ほうき,,,,,,,,,,
ぼうけん,,,,,,,,,,
ほうこうしじき,,,,,,,,,,
ほうこく,,,,,,,,,,
ぼうし,,,,,,,,,,
ほうじちゃ,,,,,,,,,,
ほうじんせい,,,,,,,,,,
ぼうすいすぷれー,,,,,,,,,,
ほうせんか,,,,,,,,,,
ほうそ,,,,,,,,,,
ほうそうさっか,,,,,,,,,,
ほうたい,,,,,,,,,,
ぼうたかとび,,,,,,,,,,
ほうちょう,,,,,,,,,,
ほうとう,,,,,,,,,,
ほうりつ,,,,,,,,,,
ぼうりんぐ,,,,,,,,,,
ぼうりんぐじょう,,,,,,,,,,
ぼうる,,,,,,,,,,
ほうれんそう,,,,,,,,,,
ぼうろ,,,,,,,,,,
ぼーい,,,,,,,,,,
ぼーかる,,,,,,,,,,
ほーす,,,,,,,,,,
ぽーず,,,,,,,,,,
ほおずき,,,,,,,,,,
ぽーち,,,,,,,,,,
ぼーと,,,,,,,,,,
ぼーど,,,,,,,,,,
ぼーとれーす,,,,,,,,,,
ぼーなす,,,,,,,,,,
ぼーぼー,,,,,,,,,,
ほーむ,,,,,,,,,,
ほーむいん,,,,,,,,,,
ほーむしあたー,,,,,,,,,,
ほーむすちーる,,,,,,,,,,
ほーむせんたー,,,,,,,,,,
ほーむべーかりー,,,,,,,,,,
ほーむべーす,,,,,,,,,,
ほーむらん,,,,,,,,,,
ほーる,,,,,,,,,,
ぼーる,,,,,,,,,,
ぽーる,,,,,,,,,,
ぽーるだんす,,,,,,,,,,
ぼーるぺん,,,,,,,,,,
ほおんしーと,,,,,,,,,,
ぽかぽか,,,,,,,,,,
ぼき,,,,,,,,,,
ぼくさー,,,,,,,,,,
ぼくしんぐ,,,,,,,,,,
ぼくしんぐぐろーぶ,,,,,,,,,,
ぼくとう,,,,,,,,,,
ほくほく,,,,,,,,,,
ぽけっと,,,,,,,,,,
ほけん,,,,,,,,,,
ほけんしつ,,,,,,,,,,
ほけんしょ,,,,,,,,,,
ほこうしゃ,,,,,,,,,,
ぼこぼこ,,,,,,,,,,
ぼさぼさ,,,,,,,,,,
ほし,,,,,,,,,,
ほしいも,,,,,,,,,,
ぽじしょん,,,,,,,,,,
ほしぞら,,,,,,,,,,
ぽすたー,,,,,,,,,,
ぽすと,,,,,,,,,,
ぽすとかーど,,,,,,,,,,
ぽすとぷれー,,,,,,,,,,
ぼすとんばっく,,,,,,,,,,
ほそい,,,,,,,,,,
ほたて,,,,,,,,,,
ぽたぽた,,,,,,,,,,
ほたるいか,,,,,,,,,,
ぼたん,,,,,,,,,,
ほっきょく,,,,,,,,,,
ほっきょくぐま,,,,,,,,,,
ぼっくす,,,,,,,,,,
ほっけ,,,,,,,,,,
ほっけー,,,,,,,,,,
ほっちきす,,,,,,,,,,
ぽっと,,,,,,,,,,
ほっとさんど,,,,,,,,,,
ほっとぷれーと,,,,,,,,,,
ほっぴー,,,,,,,,,,
ぽっぷこーん,,,,,,,,,,
ぽつぽつ,,,,,,,,,,
ぼでぃばっく,,,,,,,,,,
ぼでぃびる,,,,,,,,,,
ぽてと,,,,,,,,,,
ぽてとさらだ,,,,,,,,,,
ぽてとちっぷす,,,,,,,,,,
ほてる,,,,,,,,,,
ほととぎす,,,,,,,,,,
ぽにーてーる,,,,,,,,,,
ほのう,,,,,,,,,,
ぽぴー,,,,,,,,,,
ぼぶ,,,,,,,,,,
ほほえみ,,,,,,,,,,
ぽむぽむ,,,,,,,,,,
ぽめらにあん,,,,,,,,,,
ほや,,,,,,,,,,
ほりでー,,,,,,,,,,
ぽりてぶくろ,,,,,,,,,,
ぽりぶくろ,,,,,,,,,,
ぼりゅーむ,,,,,,,,,,
ぼると,,,,,,,,,,
ほるん,,,,,,,,,,
ぼれーきっく,,,,,,,,,,
ぽろしゃつ,,,,,,,,,,
ぼろぼろ,,,,,,,,,,
ほわいとたいがー,,,,,,,,,,
ほわいとでー,,,,,,,,,,
ほわいとぼーど,,,,,,,,,,
ぼんさい,,,,,,,,,,
ほんだな,,,,,,,,,,
ぽんちょ,,,,,,,,,,
ぼんど,,,,,,,,,,
ぽんど,,,,,,,,,,
ぼんねっと,,,,,,,,,,
ぽんぷ,,,,,,,,,,
ほんやく,,,,,,,,,,
まーがれっと,,,,,,,,,,
まーく,,,,,,,,,,
まーけっと,,,,,,,,,,
まーけてぃんぐ,,,,,,,,,,
まーち,,,,,,,,,,
まーぼーあんかけ,,,,,,,,,,
まーぼーちゃーはん,,,,,,,,,,
まーぼーどうふ,,,,,,,,,,
まーぼーなす,,,,,,,,,,
まーぼーやきそば,,,,,,,,,,
まーめいど,,,,,,,,,,
まいく,,,,,,,,,,
まいくろ,,,,,,,,,,
まいくろふぉん,,,,,,,,,,
まいたけ,,,,,,,,,,
まいなす,,,,,,,,,,
まいにち,,,,,,,,,,
まいほーむ,,,,,,,,,,
まうんてんぱーかー,,,,,,,,,,
まうんど,,,,,,,,,,
まかろに,,,,,,,,,,
まかろん,,,,,,,,,,
まぐかっぷ,,,,,,,,,,
まぐにちゅーど,,,,,,,,,,
まぐねしうむ,,,,,,,,,,
まぐねっと,,,,,,,,,,
まくら,,,,,,,,,,
まくらかばー,,,,,,,,,,
まじっく,,,,,,,,,,
まじっくぺん,,,,,,,,,,
まじめ,,,,,,,,,,
ましゅまろ,,,,,,,,,,
まじょ,,,,,,,,,,
ますかっと,,,,,,,,,,
ますきんぐてーぷ,,,,,,,,,,
ますく,,,,,,,,,,
ますこみ,,,,,,,,,,
ますずし,,,,,,,,,,
ますたー,,,,,,,,,,
まだい,,,,,,,,,,
まつげ,,,,,,,,,,
まっこり,,,,,,,,,,
まっさーじ,,,,,,,,,,
まっしゅ,,,,,,,,,,
まっしゅるーむ,,,,,,,,,,
まつたけ,,,,,,,,,,
まっち,,,,,,,,,,
まっちゃ,,,,,,,,,,
まっちゃけーき,,,,,,,,,,
まっちゃじお,,,,,,,,,,
まっちゃてぃらみす,,,,,,,,,,
まっちゃぱふぇ,,,,,,,,,,
まっちゃぷりん,,,,,,,,,,
まっちゃまふぃん,,,,,,,,,,
まっと,,,,,,,,,,
まっとれす,,,,,,,,,,
まてぃーに,,,,,,,,,,
まてちゃ,,,,,,,,,,
まと,,,,,,,,,,
まどらー,,,,,,,,,,
まどれーぬ,,,,,,,,,,
まなー,,,,,,,,,,
まないた,,,,,,,,,,
まにあ,,,,,,,,,,
まにきゅあ,,,,,,,,,,
まねーくりっぷ,,,,,,,,,,
まねきんがい,,,,,,,,,,
まねじめんと,,,,,,,,,,
まふぃん,,,,,,,,,,
まふらー,,,,,,,,,,
まほう,,,,,,,,,,
まほうつかい,,,,,,,,,,
まま,,,,,,,,,,
まめごはん,,,,,,,,,,
まめしば,,,,,,,,,,
まめだいふく,,,,,,,,,,
まゆげ,,,,,,,,,,
まらそん,,,,,,,,,,
まりね,,,,,,,,,,
まるがり,,,,,,,,,,
まるがりーた,,,,,,,,,,
まるちーず,,,,,,,,,,
まるまる,,,,,,,,,,
まるめる,,,,,,,,,,
まんが,,,,,,,,,,
まんがか,,,,,,,,,,
まんがん,,,,,,,,,,
まんごー,,,,,,,,,,
まんしょん,,,,,,,,,,
まんぞく,,,,,,,,,,
まんちかん,,,,,,,,,,
まんでい,,,,,,,,,,
まんてん,,,,,,,,,,
まんとひひ,,,,,,,,,,
まんねんひつ,,,,,,,,,,
みーあきゃっと,,,,,,,,,,
みーとおむれつ,,,,,,,,,,
みーとぼーる,,,,,,,,,,
みーとろーふ,,,,,,,,,,
みかん,,,,,,,,,,
みぎあし,,,,,,,,,,
みぎうで,,,,,,,,,,
みきさー,,,,,,,,,,
みぎて,,,,,,,,,,
みくろん,,,,,,,,,,
みじかい,,,,,,,,,,
みしん,,,,,,,,,,
みす,,,,,,,,,,
みず,,,,,,,,,,
みずいろ,,,,,,,,,,
みずがめざ,,,,,,,,,,
みずきりかご,,,,,,,,,,
みずきりらっく,,,,,,,,,,
みずな,,,,,,,,,,
みすぷりんと,,,,,,,,,,
みずようかん,,,,,,,,,,
みせす,,,,,,,,,,
みそおでん,,,,,,,,,,
みそかつ,,,,,,,,,,
みそしる,,,,,,,,,,
みそでんがく,,,,,,,,,,
みそぴーなっつ,,,,,,,,,,
みそらーめん,,,,,,,,,,
みたらしだんご,,,,,,,,,,
みつあみ,,,,,,,,,,
みっくす,,,,,,,,,,
みっくすじゅーす,,,,,,,,,,
みつば,,,,,,,,,,
みでぃあむ,,,,,,,,,,
みどり,,,,,,,,,,
みなと,,,,,,,,,,
みにばん,,,,,,,,,,
みねらるうぉーたー,,,,,,,,,,
みみず,,,,,,,,,,
みゅーじしゃん,,,,,,,,,,
みゅーじっく,,,,,,,,,,
みょうが,,,,,,,,,,
みらー,,,,,,,,,,
みり,,,,,,,,,,
みりたりーけい,,,,,,,,,,
みりん,,,,,,,,,,
みるく,,,,,,,,,,
みるくてぃー,,,,,,,,,,
みるふぃーゆ,,,,,,,,,,
みんみんぜみ,,,,,,,,,,
むーす,,,,,,,,,,
むーど,,,,,,,,,,
むえいたい,,,,,,,,,,
むかむか,,,,,,,,,,
むぎちゃ,,,,,,,,,,
むささび,,,,,,,,,,
むし,,,,,,,,,,
むしめがね,,,,,,,,,,
むしゃむしゃ,,,,,,,,,,
むすぶ,,,,,,,,,,
むずむず,,,,,,,,,,
むちむち,,,,,,,,,,
むちゅう,,,,,,,,,,
むらさき,,,,,,,,,,
むらさききゃべつ,,,,,,,,,,
むらさきたまねぎ,,,,,,,,,,
むろまちじだい,,,,,,,,,,
めい,,,,,,,,,,
めいおうせい,,,,,,,,,,
めいく,,,,,,,,,,
めいし,,,,,,,,,,
めいじじだい,,,,,,,,,,
めいそう,,,,,,,,,,
めいろ,,,,,,,,,,
めいん,,,,,,,,,,
めーかー,,,,,,,,,,
めーたー,,,,,,,,,,
めーとる,,,,,,,,,,
めーる,,,,,,,,,,
めが,,,,,,,,,,
めかにっく,,,,,,,,,,
めがね,,,,,,,,,,
めがびっと,,,,,,,,,,
めざましどけい,,,,,,,,,,
めじゃーかっぷ,,,,,,,,,,
めずらしい,,,,,,,,,,
めぞん,,,,,,,,,,
めだい,,,,,,,,,,
めだる,,,,,,,,,,
めっせーじ,,,,,,,,,,
めでぃあ,,,,,,,,,,
めどれー,,,,,,,,,,
めとろ,,,,,,,,,,
めにゅー,,,,,,,,,,
めも,,,,,,,,,,
めりーごーらんど,,,,,,,,,,
めろでぃー,,,,,,,,,,
めろん,,,,,,,,,,
めろんそーだ,,,,,,,,,,
めろんぱん,,,,,,,,,,
めん,,,,,,,,,,
めんこ,,,,,,,,,,
めんそーる,,,,,,,,,,
めんたる,,,,,,,,,,
めんばー,,,,,,,,,,
めんぼう,,,,,,,,,,
もうふ,,,,,,,,,,
もえる,,,,,,,,,,
もーたー,,,,,,,,,,
もーたーぼーと,,,,,,,,,,
もーどけい,,,,,,,,,,
もくせい,,,,,,,,,,
もくたん,,,,,,,,,,
もくもく,,,,,,,,,,
もぐもぐ,,,,,,,,,,
もくようび,,,,,,,,,,
もこもこ,,,,,,,,,,
もじゃもじゃ,,,,,,,,,,
もすこみゅーる,,,,,,,,,,
もだん,,,,,,,,,,
もちつき,,,,,,,,,,
もちべーしょん,,,,,,,,,,
もっきん,,,,,,,,,,
もっずこーと,,,,,,,,,,
もっぷ,,,,,,,,,,
もでる,,,,,,,,,,
もなか,,,,,,,,,,
もにたー,,,,,,,,,,
ものとーん,,,,,,,,,,
ものほしざお,,,,,,,,,,
ものれーる,,,,,,,,,,
もひーと,,,,,,,,,,
もひかん,,,,,,,,,,
もみあげ,,,,,,,,,,
もみじ,,,,,,,,,,
もも,,,,,,,,,,
ももいろ,,,,,,,,,,
ももんが,,,,,,,,,,
もやし,,,,,,,,,,
もり,,,,,,,,,,
もるもっと,,,,,,,,,,
もろへいや,,,,,,,,,,
もんじゃやき,,,,,,,,,,
もんしろちょう,,,,,,,,,,
もんばん,,,,,,,,,,
もんぶらん,,,,,,,,,,
やかたぶね,,,,,,,,,,
やかん,,,,,,,,,,
やぎ,,,,,,,,,,
やきいも,,,,,,,,,,
やきぎょうざ,,,,,,,,,,
やぎざ,,,,,,,,,,
やきとり,,,,,,,,,,
やきにく,,,,,,,,,,
やきゅう,,,,,,,,,,
やきゅうじょう,,,,,,,,,,
やきゅうぼーる,,,,,,,,,,
やくざいし,,,,,,,,,,
やくそう,,,,,,,,,,
やくそく,,,,,,,,,,
やくば,,,,,,,,,,
やけい,,,,,,,,,,
やさい,,,,,,,,,,
やさしい,,,,,,,,,,
やつはし,,,,,,,,,,
やま,,,,,,,,,,
やまあらし,,,,,,,,,,
やまいも,,,,,,,,,,
やまのぼり,,,,,,,,,,
やまぶき,,,,,,,,,,
やまぶきいろ,,,,,,,,,,
やり,,,,,,,,,,
やりいか,,,,,,,,,,
やりなげ,,,,,,,,,,
やわらかい,,,,,,,,,,
やんぐ,,,,,,,,,,
やんぐこーん,,,,,,,,,,
やんにょむちきん,,,,,,,,,,
ゆうえんち,,,,,,,,,,
ゆうが,,,,,,,,,,
ゆうがな,,,,,,,,,,
ゆうかん,,,,,,,,,,
ゆうかんな,,,,,,,,,,
ゆうしゅう,,,,,,,,,,
ゆうしゅうな,,,,,,,,,,
ゆうしょう,,,,,,,,,,
ゆうせん,,,,,,,,,,
ゆうだい,,,,,,,,,,
ゆうびな,,,,,,,,,,
ゆうびんきょく,,,,,,,,,,
ゆーふぉにあむ,,,,,,,,,,
ゆーもあ,,,,,,,,,,
ゆーりんちー,,,,,,,,,,
ゆーろ,,,,,,,,,,
ゆかきぼう,,,,,,,,,,
ゆきがっせん,,,,,,,,,,
ゆきだるま,,,,,,,,,,
ゆしゅつ,,,,,,,,,,
ゆず,,,,,,,,,,
ゆそうかん,,,,,,,,,,
ゆにーく,,,,,,,,,,
ゆにふぉーむ,,,,,,,,,,
ゆにゅう,,,,,,,,,,
ゆのみ,,,,,,,,,,
ゆば,,,,,,,,,,
ゆび,,,,,,,,,,
ゆびさっく,,,,,,,,,,
ゆびずもう,,,,,,,,,,
ゆみ,,,,,,,,,,
ゆり,,,,,,,,,,
よう,,,,,,,,,,
ようかん,,,,,,,,,,
ようしょっき,,,,,,,,,,
ようせい,,,,,,,,,,
ようせつ,,,,,,,,,,
ようそ,,,,,,,,,,
よーぐるとめーかー,,,,,,,,,,
よが,,,,,,,,,,
よこぱす,,,,,,,,,,
よっと,,,,,,,,,,
よもぎ,,,,,,,,,,
よもぎまんじゅう,,,,,,,,,,
よやく,,,,,,,,,,
よれよれ,,,,,,,,,,
よろこぶ,,,,,,,,,,
よろしく,,,,,,,,,,
らーめん,,,,,,,,,,
らいおん,,,,,,,,,,
らいす,,,,,,,,,,
らいたー,,,,,,,,,,
らいと,,,,,,,,,,
らいとばん,,,,,,,,,,
らいなー,,,,,,,,,,
らいばる,,,,,,,,,,
らいぶ,,,,,,,,,,
らいぶはうす,,,,,,,,,,
らいむ,,,,,,,,,,
らいらっく,,,,,,,,,,
らくご,,,,,,,,,,
らくだ,,,,,,,,,,
らぐびー,,,,,,,,,,
らぐびーぼーる,,,,,,,,,,
らぐまっと,,,,,,,,,,
らくろす,,,,,,,,,,
らけっと,,,,,,,,,,
らじあん,,,,,,,,,,
らじうむ,,,,,,,,,,
らじえーたー,,,,,,,,,,
らじお,,,,,,,,,,
らじおたいそう,,,,,,,,,,
らじかせ,,,,,,,,,,
らずべりー,,,,,,,,,,
らたとぅーゆ,,,,,,,,,,
らっかせい,,,,,,,,,,
らっきー,,,,,,,,,,
らっこ,,,,,,,,,,
らっしゅあわー,,,,,,,,,,
らてあーと,,,,,,,,,,
らでぃっしゅ,,,,,,,,,,
らばー,,,,,,,,,,
らばーかっぷ,,,,,,,,,,
らべる,,,,,,,,,,
らま,,,,,,,,,,
らむ,,,,,,,,,,
らむとにっく,,,,,,,,,,
らむね,,,,,,,,,,
らむばっく,,,,,,,,,,
らんたん,,,,,,,,,,
らんち,,,,,,,,,,
らんどせる,,,,,,,,,,
らんどりー,,,,,,,,,,
らんにんぐ,,,,,,,,,,
らんにんぐしゅーず,,,,,,,,,,
らんぷ,,,,,,,,,,
りーぜんと,,,,,,,,,,
りーど,,,,,,,,,,
りか,,,,,,,,,,
りかしつ,,,,,,,,,,
りきゅーる,,,,,,,,,,
りくじょうきょうぎ,,,,,,,,,,
りこーだー,,,,,,,,,,
りさーち,,,,,,,,,,
りじ,,,,,,,,,,
りずむ,,,,,,,,,,
りちうむ,,,,,,,,,,
りっとる,,,,,,,,,,
りっぽうめーとる,,,,,,,,,,
りとう,,,,,,,,,,
りばうんど,,,,,,,,,,
りびんぐ,,,,,,,,,,
りべろ,,,,,,,,,,
りぽーと,,,,,,,,,,
りぼん,,,,,,,,,,
りむじん,,,,,,,,,,
りゅっく,,,,,,,,,,
りょう,,,,,,,,,,
りょうて,,,,,,,,,,
りょうめ,,,,,,,,,,
りょうめんてーぷ,,,,,,,,,,
りょうり,,,,,,,,,,
りょかん,,,,,,,,,,
りょくちゃ,,,,,,,,,,
りらっくす,,,,,,,,,,
りりーふさーばー,,,,,,,,,,
りりく,,,,,,,,,,
りれー,,,,,,,,,,
りん,,,,,,,,,,
りんぐ,,,,,,,,,,
りんご,,,,,,,,,,
りんごじゅーす,,,,,,,,,,
りんとした,,,,,,,,,,
りんりん,,,,,,,,,,
るーず,,,,,,,,,,
るーずりーふ,,,,,,,,,,
るーぺ,,,,,,,,,,
るーむみらー,,,,,,,,,,
るーる,,,,,,,,,,
るんるん,,,,,,,,,,
れいすいき,,,,,,,,,,
れいぞうこ,,,,,,,,,,
れいわ,,,,,,,,,,
れいんこーと,,,,,,,,,,
れいんぼー,,,,,,,,,,
れーざーぽいんたー,,,,,,,,,,
れーす,,,,,,,,,,
れーずんくっきー,,,,,,,,,,
れきし,,,,,,,,,,
れぎゅらー,,,,,,,,,,
れぎんす,,,,,,,,,,
れくりえーしょん,,,,,,,,,,i
れこーだー,,,,,,,,,,
れこーど,,,,,,,,,,
れじ,,,,,,,,,,
れしーばー,,,,,,,,,,
れしーぶ,,,,,,,,,,
れじぶくろ,,,,,,,,,,
れじゃー,,,,,,,,,,
れすきゅー,,,,,,,,,,
れすとらん,,,,,,,,,,
れすりんぐ,,,,,,,,,,
れたす,,,,,,,,,,
れたすはるまき,,,,,,,,,,
れっかーしゃ,,,,,,,,,,
れっぐうぉーまー,,,,,,,,,,
れっさーぱんだ,,,,,,,,,,
れっすん,,,,,,,,,,
れっどあい,,,,,,,,,,
れでぃー,,,,,,,,,,
ればー,,,,,,,,,,
ればにら,,,,,,,,,,
れふと,,,,,,,,,,
れべる,,,,,,,,,,
れぽーたー,,,,,,,,,,
れぽーと,,,,,,,,,,
れもん,,,,,,,,,,
れもんさわー,,,,,,,,,,
れもんてぃー,,,,,,,,,,
れもんびーる,,,,,,,,,,
れんげ,,,,,,,,,,
れんこん,,,,,,,,,,
れんこんさらだ,,,,,,,,,,
れんじ,,,,,,,,,,
れんしゅう,,,,,,,,,,
れんたかー,,,,,,,,,,
れんたる,,,,,,,,,,
れんとげにうむ,,,,,,,,,,
れんとげん,,,,,,,,,,
れんらく,,,,,,,,,,
ろうじん,,,,,,,,,,
ろうじんほーむ,,,,,,,,,,
ろーしょん,,,,,,,,,,
ろーそく,,,,,,,,,,
ろーてーしょん,,,,,,,,,,
ろーてーぶる,,,,,,,,,,
ろーどばいく,,,,,,,,,,
ろーぷ,,,,,,,,,,
ろーふぁー,,,,,,,,,,
ろーぷうぇい,,,,,,,,,,
ろーまじ,,,,,,,,,,
ろーらーすけーと,,,,,,,,,,
ろーるけーき,,,,,,,,,,
ろくがつ,,,,,,,,,,
ろけっと,,,,,,,,,,
ろしあんぶるー,,,,,,,,,,
ろじうむ,,,,,,,,,,
ろっかー,,,,,,,,,,
ろっくけい,,,,,,,,,,
ろっぽうやき,,,,,,,,,,
ろば,,,,,,,,,,
ろびー,,,,,,,,,,
ろふとべっと,,,,,,,,,,
ろまんちっく,,,,,,,,,,
ろめんでんしゃ,,,,,,,,,,
ろんぐぱす,,,,,,,,,,
ろんぐへあー,,,,,,,,,,
わーぷろ,,,,,,,,,,
わいしゃつ,,,,,,,,,,
わいぱー,,,,,,,,,,
わいるどぴっち,,,,,,,,,,
わいん,,,,,,,,,,
わいんぐらす,,,,,,,,,,
わかさぎ,,,,,,,,,,
わかさぎつり,,,,,,,,,,
わがししょくにん,,,,,,,,,,
わかす,,,,,,,,,,
わくわく,,,,,,,,,,
わごむ,,,,,,,,,,
わごんしゃ,,,,,,,,,,
わさび,,,,,,,,,,
わしょっき,,,,,,,,,,
わすれなぐさ,,,,,,,,,,
わすれる,,,,,,,,,,
わた,,,,,,,,,,
わたしぶね,,,,,,,,,,
わっと,,,,,,,,,,
わっふる,,,,,,,,,,
わふうぱすた,,,,,,,,,,
わらいごえ,,,,,,,,,,
わらう,,,,,,,,,,
わらび,,,,,,,,,,
わらびもち,,,,,,,,,,
わりばし,,,,,,,,,,
わんかーる,,,,,,,,,,
わんこそば,,,,,,,,,,
わんたっち,,,,,,,,,,
わんたっちぷれー,,,,,,,,,,
わんたんすーぷ,,,,,,,,,,
わんつーぱす,,,,,,,,,,
わんとっぷ,,,,,,,,,,
わんはんどとす,,,,,,,,,,
わんぴーす,,,,,,,,,,
わんわん,,,,,,,,,,
まぐろ,,,,,,,,,,